name,values,label
nyc_borough,"Manhattan, Bronx, Queens",borough_code
borough_code,"1, 2, 3",borough_code
borough_abbreviation,"MN, BK, SI",borough_code
Boro_Cd,"1, 2, 3",borough_code
Boro_Abbr,"MN, BK, QN",borough_code
Brgh_ID,"4, 5, 1",borough_code
boro_abbr,"BK, MN, QN, BX, SI",borough_code
boro_cd,"3, 1, 4, 2, 5",borough_code
brgh,"Brooklyn, Manhattan, Queens, Bronx, Staten Island",borough_code
nycBorough,"Manhattan, Brooklyn, Queens, Bronx, Staten Island",borough_code
boroughCode,"MN, BK, QN, BX, SI",borough_code
boroughId,"3, 1, 4, 2, 5",borough_code
boroughId,"1, 2, 3, 4, 5",borough_code
Boro_Cd,"1, 4, 3",borough_code
Boro_Abbr,"MN, QN, BK",borough_code
Boro_ID,"Manhattan, Queens, Brooklyn",borough_code
New_York_City_Borough,"Manhattan, Brooklyn, Queens, Bronx",borough_code
Borough_Location_Code,"MN, BK, QN, BX",borough_code
Administrative_Division_Identifier,"1, 2, 3, 4",borough_code
borough_name,"Manhattan, Bronx, Staten Island",borough_code
boro_abbreviation,"MN, BK, QN",borough_code
BORO_ABBR,"BK, MN, QN",borough_code
BORO_CD,"3, 1, 4",borough_code
BORO_ID,"3, 1, 4",borough_code
boro,"MN, BK, BX",borough_code
boro_code,"1, 3, 2",borough_code
brgh_cd,"SI, QN, MN",borough_code
boro_cd,"1, 2, 3, 4, 5",borough_code
boro_abbr,"MN, BK, BX, QN, SI",borough_code
b_code,"Manhattan, Brooklyn, Bronx, Queens, Staten Island",borough_code
BORO_CD,"1, 2, 3, 4",borough_code
BRGH_ABBR,"MN, BX, BK, QN",borough_code
NYC_BOROUGH,"MANHATTAN, BRONX, BROOKLYN, QUEENS",borough_code
yCoord,"40.7128, 40.5835, 40.8448",latitude
locationLat,"40.7831, 40.6782, 40.8795",latitude
geographicLatitude,"40.7580, 40.6413, 40.7061",latitude
drp_lat,"40.765, 40.748, 40.714",latitude
dest_lat,"40.851, 40.692, 40.729",latitude
do_lat,"40.783, 40.577, 40.706",latitude
yCoord,"40.7128, 40.8116, 40.6500",latitude
geoLatitude,"40.7781, 40.6782, 40.8787",latitude
locationLat,"40.7411, 40.5773, 40.9102",latitude
lat,"40.7580, 40.7128, 40.6500, 40.8797, 40.5795",latitude
lat_dd,"40.7831, 40.6782, 40.8075, 40.5539, 40.9110",latitude
gps_lat,"40.7484, 40.7061, 40.6620, 40.8448, 40.4960",latitude
location_latitude,"40.8116, 40.6892, 40.7590",latitude
y_coordinate,"40.5795, 40.7484, 40.8501",latitude
geo_latitude,"40.7128, 40.9100, 40.6413",latitude
Geographic Coordinate Latitude,"40.7128, 40.8075, 40.6782, 40.5795",latitude
Vertical Position On Map,"40.7831, 40.8784, 40.7484, 40.9011",latitude
Location North South Position,"40.7061, 40.7580, 40.6413, 40.4994",latitude
locationLat,"40.7128, 40.6501, 40.8794",latitude
yCoordinate,"40.7831, 40.5795, 40.8506",latitude
geoLatitude,"40.7484, 40.6892, 40.8075",latitude
lat,"40.758, 40.811, 40.678, 40.575, 40.850",latitude
lt,"40.712, 40.748, 40.881, 40.641, 40.783",latitude
latd,"40.706, 40.730, 40.829, 40.501, 40.901",latitude
location_lat,"40.7128, 40.7831, 40.5795",latitude
y_coordinate,"40.8075, 40.6782, 40.8533",latitude
geo_latitude,"40.7484, 40.6413, 40.8821",latitude
Lat,"40.7128, 40.7831, 40.5795",latitude
GPS_Lat,"40.6782, 40.8448, 40.7484",latitude
GEO_LAT,"40.6413, 40.7678, 40.8910",latitude
location_lat,"40.7580, 40.6892, 40.8792",latitude
y_coordinate,"40.5775, 40.7829, 40.9011",latitude
geo_latitude,"40.4999, 40.7484, 40.8296",latitude
fac_lat,"40.515, 40.632, 40.789, 40.811, 40.903",latitude
FCLT,"40.481, 40.576, 40.662, 40.758, 40.844",latitude
f_lat,"40.499, 40.555, 40.721, 40.833, 40.912",latitude
Stn_Lat,"40.7128, 40.8296, 40.6782",latitude
Sta_LAT,"40.7829, 40.5795, 40.8810",latitude
S_LAT,"40.7484, 40.6413, 40.9110",latitude
lon,"-73.985664, -74.044502, -73.872849",longitude
x_coordinate,"-73.965242, -74.013382, -73.778925",longitude
location_longitude,"-73.996895, -74.150201, -73.926269",longitude
do_lon,"-73.985, -73.991, -74.005",longitude
drp_lng,"-73.976, -73.964, -74.012",longitude
dest_lon,"-74.152, -73.988, -73.945",longitude
location_longitude,"-74.0445, -73.9857, -73.8726",longitude
geo_lon,"-73.9654, -73.9969, -74.0135",longitude
x_coordinate,"-73.7781, -73.9712, -74.1502",longitude
Location Longitude,"-74.0112, -73.9876, -73.9458",longitude
Geographic Longitude,"-73.8729, -74.1502, -73.7781",longitude
Coordinate Longitude,"-74.0445, -73.9969, -73.9213",longitude
Lon,"-73.9855, -74.0134, -73.8760, -74.1502, -73.9734",longitude
Lng,"-73.9654, -74.0445, -73.9213, -73.7789, -73.9969",longitude
Long.,"-73.9352, -74.2520, -73.7050, -73.8455, -74.0099",longitude
GeographicLongitude,"-73.9857, -74.0445, -73.8317, -73.9626, -74.0060",longitude
HorizontalCoordinateValue,"-73.9442, -73.8726, -73.7781, -73.9935, -74.0135",longitude
LocationEastWestPosition,"-74.0740, -73.9205, -73.8654, -73.7890, -73.9712",longitude
location_longitude,"-74.013, -73.985, -73.782",longitude
geo_longitude,"-73.962, -74.151, -73.870",longitude
longitude_coordinate,"-73.994, -74.045, -73.921",longitude
Geographic Longitude,"-74.0445, -73.906, -73.7822",longitude
Location Longitude,"-73.8453, -74.128, -73.987",longitude
East-West Coordinate,"-73.999, -74.251, -73.701",longitude
locationLongitude,"-74.0060, -74.2154, -73.8545",longitude
lon,"-73.9857, -73.9442, -73.8718",longitude
xCoord,"-74.1502, -73.7842, -73.9654",longitude
pickup_longitude,"-73.985428, -74.016235, -73.959825",longitude
destination_longitude,"-73.789454, -74.174462, -73.872819",longitude
point_lon,"-73.949997, -74.251324, -73.903426",longitude
longitudeCoord,"-73.955, -74.011, -73.872",longitude
locationLon,"-73.987, -74.150, -73.799",longitude
pointX,"-74.002, -73.901, -74.215",longitude
facilityLongitude,"-73.985, -74.150, -73.831",longitude
locationLon,"-73.965, -74.044, -73.778",longitude
xCoord,"-73.867, -74.250, -73.935",longitude
station_lon,"-74.0018, -73.9857, -73.9626",longitude
geographic_longitude,"-74.1502, -73.8726, -73.9969",longitude
location_x_coord,"-74.0445, -73.7781, -73.9442",longitude
streetNumber,"101, 2350, 45, 8001, 123",address
houseNumber,"314, 1590, 7, 6044, 921",address
addressNumber,"555, 1701, 221, 42, 3000",address
terminal_address,"E 34TH ST FERRY TERMI, ST. GEORGE TERMINAL, ROCKAWAY FERRY PIER",address
ferry_stop_location,"E 34TH ST FERRY TERMI, ST. GEORGE TERMINAL, ROCKAWAY FERRY PIER",address
pier_name,"E 34TH ST FERRY TERMI, ST. GEORGE TERMINAL, ROCKAWAY FERRY PIER",address
crossStreet1,"WEST 125 ST, PROSPECT PARK WEST, EAST FORDHAM RD",address
primaryCrossStreet,"WEST 125 ST, PROSPECT PARK WEST, EAST FORDHAM RD",address
intersectingStreetOne,"WEST 125 ST, PROSPECT PARK WEST, EAST FORDHAM RD",address
Street Number,"1025, 4824, 1180",address
House Number,"1025, 4824, 1180",address
Property Address Number,"1025, 4824, 1180",address
TRML_NM,"E 34TH ST FERRY TERMI, ST. GEORGE TERMINAL, ROCKAWAY FERRY PIER",address
TERM_LOC,"E 34TH ST FERRY TERMI, ST. GEORGE TERMINAL, ROCKAWAY FERRY PIER",address
FERRY_PT,"E 34TH ST FERRY TERMI, ST. GEORGE TERMINAL, ROCKAWAY FERRY PIER",address
Crs_St_1,"WEST 125 ST, PROSPECT PARK WEST, EAST FORDHAM RD",address
X_Street_1,"WEST 125 ST, PROSPECT PARK WEST, EAST FORDHAM RD",address
Int_St_1,"WEST 125 ST, PROSPECT PARK WEST, EAST FORDHAM RD",address
Street Address Number,"901, 2150, 5500",address
Property Identification Number,"100, 3321, 8045",address
Civic Address Number,"42, 1999, 6070",address
locationName,"Wall St Pier 11, Battery Park City Ferry, Hunters Point South Terminal",address
ferryStopAddress,"Pier 79 Midtown Ferry, World Financial Center Dock, Paulus Hook Ferry Terminal",address
pierLocation,"Brooklyn Bridge Park Pier 6, Red Hook Atlantic Basin, Dumbo Fulton Ferry Pier",address
X_ST_1,"N BROADWAY, S MAIN ST, E HOUSTON ST",address
CRS_STR_1,"W 42ND ST, ATLANTIC AVE, FLATBUSH AVE",address
CS1,"5TH AVE, PARK AVE S, MADISON AVE",address
Street Number,"78, 450, 2109, 8810, 15",address
House Number,"123, 9, 5600, 742, 3333",address
Property Address Number,"401, 1899, 65, 5252, 2048",address
TRMNL,"E 34TH ST FERRY TERMI, ST. GEORGE TERMINAL, ROCKAWAY FERRY PIER",address
FERRY_STN,"E 34TH ST FERRY TERMI, ST. GEORGE TERMINAL, ROCKAWAY FERRY PIER",address
streetAddress,"MADISON AVENUE, BROADWAY, WALL STREET, PARK AVENUE, CANAL STREET",address
roadName,"SUNSET BLVD, OCEAN DRIVE, MAIN STREET, ELM STREET, LOMBARD STREET",address
thoroughfareName,"MICHIGAN AVE, BOURBON STREET, BEALE STREET, PENNSYLVANIA AVENUE, RODEO DRIVE",address
street_address,"1600 PENNSYLVANIA AVE, 101 MAIN ST, 4059 MT VERNON HWY",address
physical_location,"221B BAKER STREET, 123 ELM STREET, 742 EVERGREEN TERRACE",address
property_address,"1 ROCKEFELLER PLAZA, 888 7TH AVE, 30 HUDSON YARDS",address
site_address,"42 ST - PORT AUTHORITY, MAIN ST & OAK AVE, 14 ST - UNION SQ, W 4 ST & 6TH AVE, ATLANTIC AVE & FLATBUSH AVE",address
street_intersection,"BROADWAY & W 42ND ST, 5TH AVE & E 59TH ST, WALL ST & BROAD ST, E HOUSTON ST & BOWERY, BEDFORD AVE & N 7TH ST",address
location_description,"TIMES SQUARE, GRAND CENTRAL TERMINAL, JFK AIRPORT - TERMINAL 4, SOUTH FERRY - WHITEHALL ST, COLUMBUS CIRCLE & 59 ST",address
address_line_1,"123 MAIN ST, 456 OAK AVE, 789 PINE LN",address
thoroughfare_name,"BEALE STREET, HOLLYWOOD BLVD, LOMBARD STREET",address
road_designation,"ATLANTIC AVE, BEDFORD ST, COLUMBUS CIRCLE",address
street_address,"1600 PENNSYLVANIA AVE, 221B BAKER ST, 10 DOWNING STREET, 1 INFINITE LOOP, 405 LEXINGTON AVENUE",address
physical_address,"123 MAIN ST, 742 EVERGREEN TERRACE, 4400 MLK JR BLVD, 1 GIANTS DRIVE, 89 E 42ND STREET",address
location_address,"ONE WORLD TRADE CENTER, 15 CENTRAL PARK WEST, 101 INDEPENDENCE AVE SE, 620 8TH AVENUE, 465 5TH AVENUE",address
Addr,"34 ST - HERALD SQUARE, FULTON ST & BROADWAY, E 170 ST & GRAND CONC",address
Lctn,"34 ST - HERALD SQUARE, FULTON ST & BROADWAY, E 170 ST & GRAND CONC",address
Site,"34 ST - HERALD SQUARE, FULTON ST & BROADWAY, E 170 ST & GRAND CONC",address
street_address,"5TH AVENUE, FORDHAM PLAZA, JORALEMON ST",address
thoroughfare_name,"ATLANTIC AVE, SUNSET BLVD, CANAL ST",address
road_name,"MADISON AVE, WILSHIRE BLVD, RODEO DR",address
BBL_ID,"1012340056, 3055550101, 4098760025",bbl
NYC_BBL,"2032100001, 5011220333, 1020000075",bbl
BBL_CODE,"3088880040, 4012341000, 2045670089",bbl
bbl_id,"1012340001, 2034560010, 4078900100",bbl
bbl_num,"5001120050, 3055550025, 1009871234",bbl
bbl_code,"2043210011, 4011110002, 3087650099",bbl
bbl_num,"1012340001, 2056780010, 3090120100, 4123451001, 5678900050",bbl
prpty_bbl,"1022440022, 2033550033, 3044660044, 4055770055, 5066880066",bbl
bbl_id,"1987650432, 2876540321, 3765430210, 4654320109, 5543210098",bbl
boroughBlockLot,"1008150021, 2027500001, 3049940050",bbl
parcelIdentifier,"4071231001, 5012340067, 1019790012",bbl
taxLotId,"3005550100, 4108880025, 2043210080",bbl
Borough_Block_Lot_Number,"1001230001, 4123450100, 5000551234",bbl
Property_Tax_Lot_Identifier,"2020200050, 3087650015, 1015000075",bbl
New_York_City_Parcel_ID,"4045670022, 5011110300, 3009990009",bbl
bbl_id,"1008950042, 2026710015, 3034980050, 4125890001",bbl
parcel_num,"5012340077, 1011220033, 2038740009, 3055660100",bbl
tax_lot_id,"4088120021, 5032110065, 1007557501, 2041190018",bbl
boroughBlockLot,"1009870001, 4123450100, 5001110222",bbl
nycPropertyId,"3088880075, 1015000042, 2031200015",bbl
taxLotIdentifier,"5010100101, 3076541234, 4099990001",bbl
BBL_ID,"1012340001, 2056780010, 3090120100",bbl
PclID,"4088881234, 5077775678, 1066669012",bbl
BoroBlkLt,"2043210077, 3123450099, 5002220033",bbl
NYC_BBL,"1001230001, 2023450010, 3098760100",bbl
Prcl_ID,"4111110022, 5222220033, 1333330044",bbl
TaxLot_Num,"2543211000, 3876540005, 4000120099",bbl
bbl_num,"1009870001, 2025000150, 3054321234",bbl
bbl_id,"4123450088, 5001230005, 1018000075",bbl
nyc_bbl,"2033210042, 3088880099, 4007650100",bbl
bbl_id,"1007890012, 3012340100, 5055551234",bbl
prcl_id,"2033210050, 4123450001, 1011110075",bbl
tax_lot,"3087650020, 5001230300, 4099887777",bbl
Borough_Block_Lot_Number,"1012340001, 2056780050, 3090121000",bbl
Property_Tax_Identifier,"4111110200, 5022220300, 1033330400",bbl
Real_Estate_Parcel_ID,"2044440501, 3055550602, 4066660703",bbl
BBL_ID,"1002340056, 2045670089, 3087650123",bbl
PARCEL_ID,"4009870001, 5012340055, 1055550200",bbl
TAX_LOT_NUM,"2022220333, 3033330444, 4044440555",bbl
BoroughBlockLotNumber,"1009870012, 4123450100, 5001110222",bbl
PropertyParcelIdentifier,"2034561001, 3087650050, 1015000075",bbl
TaxLotIdentificationCode,"4055550001, 5078901234, 2022220333",bbl
Borough_Block_Lot_Identifier,"1009870050, 2025000123, 5001231000",bbl
Property_Tax_Parcel_ID,"1009870050, 2025000123, 5001231000",bbl
NYC_Geographic_Locator,"1009870050, 2025000123, 5001231000",bbl
boroughBlockLot,"1008760050, 4123450101, 5001110022",bbl
nycPropertyId,"2045000075, 3088991200, 1009990001",bbl
taxParcelId,"3050500300, 4077070080, 2031000045",bbl
applicationBbl,"1001230001, 2045670089, 3098760543",bbl
propertyBbl,"4111110222, 5222220333, 1333330444",bbl
parcelIdentifier,"2500011000, 3600021200, 4700031300",bbl
boroughBlockLot,"1012340001, 2056780010, 3098760100",bbl
nycPropertyIdentifier,"4111110002, 5222220020, 1333330200",bbl
taxParcelNumber,"2444440003, 3555550030, 4666660300",bbl
pointGeometry,"POINT (-74.0445 40.6892), POINT (-73.9857 40.7484), POINT (-73.9851 40.7580)",point
locationWkt,"POINT (-73.9969 40.7061), POINT (-74.0134 40.7127), POINT (-73.9772 40.7527)",point
coordinatePoint,"POINT (-73.9632 40.7794), POINT (-73.9262 40.8296), POINT (-73.9579 40.8075)",point
cntr_pt,"POINT (-73.9857 40.7484), POINT (-74.0445 40.6892), POINT (-73.9772 40.7580)",point
loc_coords,"POINT (-73.9654 40.7829), POINT (-74.0134 40.7061), POINT (-73.9969 40.7309)",point
geo_loc,"POINT (-73.9580 40.8075), POINT (-73.9352 40.8296), POINT (-74.0099 40.7401)",point
WellKnownTextGeometryPoint,"POINT (-73.9857 40.7484), POINT (-74.0445 40.6892), POINT (-73.9855 40.7580), POINT (-73.9749 40.7758), POINT (-73.9969 40.7061)",point
GeographicPointLocation,"POINT (-74.0134 40.7127), POINT (-73.9772 40.7527), POINT (-73.9632 40.7794), POINT (-73.9262 40.8296), POINT (-73.9785 40.5750)",point
SpatialPointCoordinate,"POINT (-73.9760 40.7584), POINT (-74.0101 40.7075), POINT (-73.9500 40.8099), POINT (-73.7781 40.6413), POINT (-73.9935 40.7505)",point
Counter Geographic Coordinates,"POINT (-73.9857 40.7484), POINT (-74.0445 40.6892), POINT (-73.9632 40.7794)",point
Device Installation Point,"POINT (-74.0134 40.7127), POINT (-73.9772 40.7527), POINT (-73.9969 40.7061)",point
Sensor Geolocation WKT,"POINT (-73.9262 40.8296), POINT (-73.9818 40.5749), POINT (-73.9579 40.8075)",point
PtGeom,"POINT (-74.0445 40.6892), POINT (-73.9857 40.7484), POINT (-73.9772 40.7829)",point
WktPt,"POINT (-74.0134 40.7133), POINT (-73.9654 40.7812), POINT (-73.9878 40.7580)",point
GeoPt,"POINT (-74.0060 40.7128), POINT (-73.9789 40.7639), POINT (-73.9969 40.7222)",point
counterCoordinates,"POINT (-74.0445 40.6892), POINT (-73.9851 40.7580), POINT (-73.9718 40.7678)",point
locationPoint,"POINT (-73.9969 40.7061), POINT (-74.0134 40.7127), POINT (-73.9772 40.7527)",point
deviceGeoLocation,"POINT (-73.9632 40.7794), POINT (-73.9262 40.8296), POINT (-73.9815 40.5749)",point
location_geometry_wkt,"POINT (-73.9857 40.7484), POINT (-74.0445 40.6892), POINT (-73.9851 40.7580)",point
geographic_point,"POINT (-73.9969 40.7061), POINT (-74.0134 40.7130), POINT (-73.9772 40.7527)",point
spatial_coordinates,"POINT (-73.9632 40.7794), POINT (-73.9262 40.8296), POINT (-73.9742 40.7688)",point
Cntr_Loc_Pt,"POINT (-73.9857 40.7484), POINT (-73.9772 40.7829), POINT (-74.0445 40.6892), POINT (-73.9969 40.7580)",point
CL_Geo,"POINT (-73.9959 40.7295), POINT (-74.0134 40.7130), POINT (-73.9626 40.8075), POINT (-73.9597 40.7812)",point
Cnt_Locn,"POINT (-74.0101 40.7061), POINT (-73.9890 40.7308), POINT (-73.9734 40.7641), POINT (-73.9654 40.7794)",point
point_geometry_wkt,"POINT (-74.0445 40.6892), POINT (-73.9855 40.7580), POINT (-73.9749 40.7758)",point
location_wkt,"POINT (-74.0134 40.7127), POINT (-73.9772 40.7527), POINT (-73.9632 40.7794)",point
spatial_point_wkt,"POINT (-73.9857 40.7484), POINT (-73.9969 40.7061), POINT (-73.9935 40.7505)",point
Counter_Geographic_Coordinates,"POINT (-74.0060 40.7128), POINT (-73.9659 40.7794), POINT (-73.9855 40.7580)",point
Location_Point_Of_Counter,"POINT (-73.9772 40.7623), POINT (-74.0101 40.7100), POINT (-73.9442 40.8296)",point
Measurement_Device_Geo_Point,"POINT (-73.9579 40.8075), POINT (-73.9904 40.7482), POINT (-73.9732 40.7647)",point
point_location,"POINT (-74.0445 40.6892), POINT (-73.9851 40.7580), POINT (-73.9969 40.7061), POINT (-74.0134 40.7127), POINT (-73.9772 40.7527)",point
wkt_geometry_point,"POINT (-73.9632 40.7794), POINT (-73.9936 40.7505), POINT (-73.9262 40.8296), POINT (-73.9897 40.7411), POINT (-73.8770 40.8506)",point
spatial_coordinate,"POINT (-73.9755 40.7757), POINT (-73.9787 40.7587), POINT (-74.0134 40.7056), POINT (-73.9780 40.5750), POINT (-73.9857 40.7484)",point
sensor_coordinates,"POINT (-73.9854 40.7580), POINT (-73.9748 40.7648), POINT (-73.9965 40.7033)",point
device_geopoint,"POINT (-74.0162 40.7031), POINT (-73.9262 40.8296), POINT (-73.8458 40.7401)",point
installation_location,"POINT (-73.9772 40.7527), POINT (-73.9686 40.6602), POINT (-73.9626 40.8075)",point
point_geometry,"POINT (-74.0445 40.6892), POINT (-73.9855 40.7580), POINT (-74.0134 40.7130)",point
wkt_location,"POINT (-74.0445 40.6892), POINT (-73.9855 40.7580), POINT (-74.0134 40.7130)",point
spatial_coordinates,"POINT (-74.0445 40.6892), POINT (-73.9855 40.7580), POINT (-74.0134 40.7130)",point
ctr_loc_pt,"POINT (-73.9857 40.7484), POINT (-74.0445 40.6892), POINT (-73.9789 40.7639), POINT (-73.9654 40.7829)",point
cntr_geo_pt,"POINT (-73.9969 40.7128), POINT (-74.0134 40.7061), POINT (-73.9878 40.7577), POINT (-73.9597 40.7792)",point
loc_coord,"POINT (-73.9940 40.7505), POINT (-73.9712 40.7651), POINT (-74.0099 40.7402), POINT (-73.9934 40.7196)",point
PointGeometryWellKnownText,"POINT (-73.9857 40.7484), POINT (-74.0445 40.6892), POINT (-73.9851 40.7580)",point
SpatialPointRepresentation,"POINT (-73.9969 40.7061), POINT (-73.9742 40.7711), POINT (-74.0134 40.7128)",point
GeographicPointLocationText,"POINT (-73.9654 40.7829), POINT (-73.9599 40.7901), POINT (-73.9818 40.7680)",point
locationCoordinates,"POINT (-74.0445 40.6892), POINT (-73.9855 40.7580), POINT (-73.9654 40.7829), POINT (-73.9969 40.7061)",point
sensorPosition,"POINT (-73.9772 40.7527), POINT (-74.0134 40.7127), POINT (-73.8770 40.8506), POINT (-73.9262 40.8296)",point
geographicPoint,"POINT (-73.9857 40.7484), POINT (-73.9787 40.7587), POINT (-73.9632 40.7794), POINT (-73.7781 40.6413)",point
pointLocation,"POINT (-73.9857 40.7580), POINT (-73.9857 40.7484), POINT (-74.0445 40.6892)",point
geoCoordinates,"POINT (-73.9969 40.7061), POINT (-73.9772 40.7527), POINT (-74.0134 40.7127)",point
wktPoint,"POINT (-73.9632 40.7794), POINT (-73.9262 40.8296), POINT (-73.9935 40.7505)",point
Cntr_Loc_Pt,"POINT (-73.9654 40.7829), POINT (-74.0445 40.6892), POINT (-73.9969 40.7411), POINT (-73.9789 40.7639), POINT (-74.0134 40.7061)",point
Ctr_Geom,"POINT (-73.9857 40.7484), POINT (-73.8730 40.7753), POINT (-73.9934 40.7505), POINT (-73.9632 40.7964), POINT (-73.9772 40.7587)",point
Ctr_Pt,"POINT (-73.9959 40.7143), POINT (-73.9712 40.7678), POINT (-73.9878 40.7308), POINT (-74.0101 40.7128), POINT (-73.9579 40.8075)",point
geom,"POLYGON ((-73.99 40.76, -73.98 40.76, -73.985 40.75, -73.99 40.76)), POLYGON ((-74.01 40.71, -74.00 40.71, -74.005 40.70, -74.01 40.71)), POLYGON ((-73.95 40.80, -73.94 40.80, -73.945 40.79, -73.95 40.80))",polygon
poly,"POLYGON ((-73.99 40.76, -73.98 40.76, -73.985 40.75, -73.99 40.76)), POLYGON ((-74.01 40.71, -74.00 40.71, -74.005 40.70, -74.01 40.71)), POLYGON ((-73.95 40.80, -73.94 40.80, -73.945 40.79, -73.95 40.80))",polygon
shp,"POLYGON ((-73.99 40.76, -73.98 40.76, -73.985 40.75, -73.99 40.76)), POLYGON ((-74.01 40.71, -74.00 40.71, -74.005 40.70, -74.01 40.71)), POLYGON ((-73.95 40.80, -73.94 40.80, -73.945 40.79, -73.95 40.80))",polygon
locationPolygon,"POLYGON ((-73.97 40.78, -73.96 40.78, -73.96 40.77, -73.97 40.77, -73.97 40.78)), POLYGON ((-73.96 40.71, -73.95 40.71, -73.95 40.70, -73.96 40.70, -73.96 40.71)), POLYGON ((-73.83 40.76, -73.82 40.76, -73.82 40.75, -73.83 40.75, -73.83 40.76))",polygon
boundaryShape,"POLYGON ((-73.97 40.78, -73.96 40.78, -73.96 40.77, -73.97 40.77, -73.97 40.78)), POLYGON ((-73.96 40.71, -73.95 40.71, -73.95 40.70, -73.96 40.70, -73.96 40.71)), POLYGON ((-73.83 40.76, -73.82 40.76, -73.82 40.75, -73.83 40.75, -73.83 40.76))",polygon
geoArea,"POLYGON ((-73.97 40.78, -73.96 40.78, -73.96 40.77, -73.97 40.77, -73.97 40.78)), POLYGON ((-73.96 40.71, -73.95 40.71, -73.95 40.70, -73.96 40.70, -73.96 40.71)), POLYGON ((-73.83 40.76, -73.82 40.76, -73.82 40.75, -73.83 40.75, -73.83 40.76))",polygon
geom_poly,"POLYGON ((-73.98 40.75, -73.97 40.75, -73.97 40.74, -73.98 40.74, -73.98 40.75)), POLYGON ((-73.95 40.69, -73.94 40.70, -73.96 40.68, -73.95 40.69)), POLYGON ((-73.88 40.85, -73.87 40.85, -73.87 40.84, -73.88 40.84, -73.88 40.85))",polygon
poly_shp,"POLYGON ((-73.98 40.75, -73.97 40.75, -73.97 40.74, -73.98 40.74, -73.98 40.75)), POLYGON ((-73.95 40.69, -73.94 40.70, -73.96 40.68, -73.95 40.69)), POLYGON ((-73.88 40.85, -73.87 40.85, -73.87 40.84, -73.88 40.84, -73.88 40.85))",polygon
geo_plgn,"POLYGON ((-73.98 40.75, -73.97 40.75, -73.97 40.74, -73.98 40.74, -73.98 40.75)), POLYGON ((-73.95 40.69, -73.94 40.70, -73.96 40.68, -73.95 40.69)), POLYGON ((-73.88 40.85, -73.87 40.85, -73.87 40.84, -73.88 40.84, -73.88 40.85))",polygon
locationPolygon,"POLYGON ((-73.99 40.75, -73.98 40.76, -73.98 40.75, -73.99 40.75)), POLYGON ((-73.97 40.78, -73.96 40.78, -73.96 40.77, -73.97 40.77, -73.97 40.78)), POLYGON ((-74.01 40.71, -74.00 40.72, -73.99 40.71, -74.01 40.71))",polygon
areaBoundary,"POLYGON ((-73.99 40.75, -73.98 40.76, -73.98 40.75, -73.99 40.75)), POLYGON ((-73.97 40.78, -73.96 40.78, -73.96 40.77, -73.97 40.77, -73.97 40.78)), POLYGON ((-74.01 40.71, -74.00 40.72, -73.99 40.71, -74.01 40.71))",polygon
regionPolygon,"POLYGON ((-73.99 40.75, -73.98 40.76, -73.98 40.75, -73.99 40.75)), POLYGON ((-73.97 40.78, -73.96 40.78, -73.96 40.77, -73.97 40.77, -73.97 40.78)), POLYGON ((-74.01 40.71, -74.00 40.72, -73.99 40.71, -74.01 40.71))",polygon
GeographicBoundaryPolygon,"POLYGON ((-73.985 40.758, -73.984 40.758, -73.984 40.757, -73.985 40.757, -73.985 40.758)), POLYGON ((-73.975 40.682, -73.974 40.682, -73.974 40.681, -73.975 40.681, -73.975 40.682)), POLYGON ((-73.845 40.745, -73.844 40.745, -73.844 40.744, -73.845 40.744, -73.845 40.745)), POLYGON ((-73.926 40.829, -73.925 40.829, -73.925 40.828, -73.926 40.828, -73.926 40.829)), POLYGON ((-74.150 40.600, -74.149 40.600, -74.149 40.599, -74.150 40.599, -74.150 40.600))",polygon
SpatialAreaRepresentation,"POLYGON ((-73.990 40.750, -73.989 40.750, -73.989 40.749, -73.990 40.749, -73.990 40.750)), POLYGON ((-73.960 40.690, -73.959 40.690, -73.959 40.689, -73.960 40.689, -73.960 40.690)), POLYGON ((-73.820 40.760, -73.819 40.760, -73.819 40.759, -73.820 40.759, -73.820 40.760)), POLYGON ((-73.900 40.850, -73.899 40.850, -73.899 40.849, -73.900 40.849, -73.900 40.850)), POLYGON ((-74.200 40.550, -74.199 40.550, -74.199 40.549, -74.200 40.549, -74.200 40.550))",polygon
LocationFootprintPolygon,"POLYGON ((-74.001 40.714, -74.000 40.714, -74.000 40.713, -74.001 40.713, -74.001 40.714)), POLYGON ((-73.998 40.722, -73.997 40.722, -73.997 40.721, -73.998 40.721, -73.998 40.722)), POLYGON ((-73.989 40.739, -73.988 40.739, -73.988 40.738, -73.989 40.738, -73.989 40.739)), POLYGON ((-73.965 40.783, -73.964 40.783, -73.964 40.782, -73.965 40.782, -73.965 40.783)), POLYGON ((-73.958 40.807, -73.957 40.807, -73.957 40.806, -73.958 40.806, -73.958 40.807))",polygon
GeographicBoundaryPolygon,"POLYGON ((-73.98 40.75, -73.97 40.75, -73.97 40.74, -73.98 40.74, -73.98 40.75)), POLYGON ((-74.01 40.71, -74.00 40.71, -74.00 40.70, -74.01 40.71)), POLYGON ((-73.96 40.77, -73.95 40.77, -73.95 40.76, -73.96 40.76, -73.96 40.77))",polygon
AreaPolygonCoordinates,"POLYGON ((-73.99 40.76, -73.98 40.76, -73.98 40.75, -73.99 40.75, -73.99 40.76)), POLYGON ((-73.95 40.80, -73.94 40.80, -73.94 40.79, -73.95 40.79, -73.95 40.80)), POLYGON ((-74.00 40.73, -73.99 40.73, -73.99 40.72, -74.00 40.73))",polygon
RegionPolygonGeometry,"POLYGON ((-73.97 40.78, -73.96 40.78, -73.96 40.77, -73.97 40.77, -73.97 40.78)), POLYGON ((-74.00 40.74, -73.99 40.74, -73.99 40.73, -74.00 40.73, -74.00 40.74)), POLYGON ((-73.93 40.83, -73.92 40.83, -73.92 40.82, -73.93 40.82, -73.93 40.83))",polygon
poly_wkt,"POLYGON((-73.985 40.758, -73.984 40.758, -73.984 40.757, -73.985 40.757, -73.985 40.758)), POLYGON((-73.965 40.782, -73.964 40.782, -73.964 40.781, -73.965 40.781, -73.965 40.782)), POLYGON((-73.968 40.665, -73.966 40.665, -73.966 40.663, -73.968 40.663, -73.968 40.665))",polygon
geom_pgn,"POLYGON((-73.928 40.829, -73.927 40.830, -73.926 40.829, -73.927 40.828, -73.928 40.829)), POLYGON((-73.845 40.745, -73.843 40.745, -73.843 40.743, -73.845 40.743, -73.845 40.745)), POLYGON((-74.075 40.645, -74.073 40.645, -74.073 40.642, -74.075 40.642, -74.075 40.645))",polygon
nyc_poly_geo,"POLYGON((-74.012 40.710, -74.010 40.711, -74.009 40.709, -74.012 40.710)), POLYGON((-73.945 40.811, -73.943 40.811, -73.943 40.809, -73.945 40.809, -73.945 40.811)), POLYGON((-73.780 40.645, -73.778 40.645, -73.778 40.643, -73.780 40.643, -73.780 40.645))",polygon
location_polygon,"POLYGON ((-74.00 40.71, -73.99 40.72, -74.01 40.72, -74.00 40.71)), POLYGON ((-73.98 40.76, -73.97 40.76, -73.97 40.75, -73.98 40.75, -73.98 40.76)), POLYGON ((-73.95 40.82, -73.94 40.83, -73.94 40.81, -73.95 40.82))",polygon
area_boundary,"POLYGON ((-73.96 40.78, -73.95 40.78, -73.95 40.77, -73.96 40.77, -73.96 40.78)), POLYGON ((-73.99 40.74, -73.98 40.75, -73.98 40.73, -73.99 40.74)), POLYGON ((-73.87 40.77, -73.86 40.77, -73.86 40.76, -73.87 40.76, -73.87 40.77))",polygon
geographic_footprint,"POLYGON ((-74.01 40.70, -74.00 40.71, -74.015 40.705, -74.01 40.70)), POLYGON ((-73.94 40.79, -73.93 40.80, -73.94 40.80, -73.94 40.79)), POLYGON ((-73.99 40.73, -73.98 40.73, -73.985 40.72, -73.99 40.73))",polygon
geom_poly,"POLYGON ((-73.98 40.76, -73.97 40.76, -73.97 40.75, -73.98 40.75, -73.98 40.76)), POLYGON ((-73.95 40.65, -73.94 40.65, -73.945 40.64, -73.95 40.65)), POLYGON ((-73.88 40.85, -73.87 40.85, -73.87 40.84, -73.88 40.84, -73.88 40.85))",polygon
wkt_pgn,"POLYGON ((-73.98 40.76, -73.97 40.76, -73.97 40.75, -73.98 40.75, -73.98 40.76)), POLYGON ((-73.95 40.65, -73.94 40.65, -73.945 40.64, -73.95 40.65)), POLYGON ((-73.88 40.85, -73.87 40.85, -73.87 40.84, -73.88 40.84, -73.88 40.85))",polygon
pgn_geom,"POLYGON ((-73.98 40.76, -73.97 40.76, -73.97 40.75, -73.98 40.75, -73.98 40.76)), POLYGON ((-73.95 40.65, -73.94 40.65, -73.945 40.64, -73.95 40.65)), POLYGON ((-73.88 40.85, -73.87 40.85, -73.87 40.84, -73.88 40.84, -73.88 40.85))",polygon
areaBoundary,"POLYGON ((-73.98 40.75, -73.97 40.75, -73.97 40.74, -73.98 40.74, -73.98 40.75)), POLYGON ((-73.95 40.69, -73.94 40.70, -73.94 40.68, -73.95 40.69)), POLYGON ((-73.90 40.85, -73.89 40.85, -73.89 40.84, -73.90 40.84, -73.90 40.85))",polygon
locationPolygon,"POLYGON ((-73.99 40.72, -73.98 40.73, -73.97 40.72, -73.99 40.72)), POLYGON ((-74.00 40.71, -73.99 40.71, -73.99 40.70, -74.00 40.70, -74.00 40.71)), POLYGON ((-73.96 40.78, -73.95 40.78, -73.95 40.77, -73.96 40.77, -73.96 40.78))",polygon
zonePolygon,"POLYGON ((-73.97 40.76, -73.96 40.76, -73.965 40.75, -73.97 40.76)), POLYGON ((-73.92 40.81, -73.91 40.82, -73.91 40.80, -73.92 40.81)), POLYGON ((-73.95 40.65, -73.94 40.65, -73.94 40.64, -73.95 40.64, -73.95 40.65))",polygon
geom_ply,"POLYGON ((-73.99 40.76, -73.98 40.76, -73.98 40.75, -73.99 40.75, -73.99 40.76)), POLYGON ((-73.97 40.78, -73.96 40.78, -73.965 40.77, -73.97 40.78)), POLYGON ((-74.02 40.71, -74.01 40.71, -74.01 40.70, -74.02 40.70, -74.02 40.71))",polygon
wkt_poly,"POLYGON ((-73.99 40.76, -73.98 40.76, -73.98 40.75, -73.99 40.75, -73.99 40.76)), POLYGON ((-73.97 40.78, -73.96 40.78, -73.965 40.77, -73.97 40.78)), POLYGON ((-74.02 40.71, -74.01 40.71, -74.01 40.70, -74.02 40.70, -74.02 40.71))",polygon
poly_shp,"POLYGON ((-73.99 40.76, -73.98 40.76, -73.98 40.75, -73.99 40.75, -73.99 40.76)), POLYGON ((-73.97 40.78, -73.96 40.78, -73.965 40.77, -73.97 40.78)), POLYGON ((-74.02 40.71, -74.01 40.71, -74.01 40.70, -74.02 40.70, -74.02 40.71))",polygon
geo_poly,"POLYGON ((-73.99 40.75, -73.98 40.75, -73.98 40.74, -73.99 40.74, -73.99 40.75)), POLYGON ((-73.96 40.69, -73.95 40.69, -73.95 40.68, -73.96 40.68, -73.96 40.69)), POLYGON ((-73.88 40.85, -73.87 40.85, -73.87 40.84, -73.88 40.84, -73.88 40.85))",polygon
loc_geom,"POLYGON ((-74.01 40.71, -74.00 40.71, -74.00 40.70, -74.01 40.70, -74.01 40.71)), POLYGON ((-73.80 40.75, -73.79 40.75, -73.79 40.74, -73.80 40.74, -73.80 40.75)), POLYGON ((-73.97 40.65, -73.96 40.65, -73.96 40.64, -73.97 40.64, -73.97 40.65))",polygon
poly_bnd,"POLYGON ((-73.91 40.87, -73.90 40.87, -73.90 40.86, -73.91 40.86, -73.91 40.87)), POLYGON ((-74.15 40.63, -74.14 40.63, -74.14 40.62, -74.15 40.62, -74.15 40.63)), POLYGON ((-73.98 40.77, -73.97 40.77, -73.97 40.76, -73.98 40.76, -73.98 40.77))",polygon
poly_geom,"POLYGON ((-73.97 40.78, -73.96 40.78, -73.96 40.77, -73.97 40.78)), POLYGON ((-74.01 40.71, -74.00 40.71, -74.00 40.70, -74.01 40.71)), POLYGON ((-73.96 40.71, -73.95 40.71, -73.955 40.70, -73.96 40.71))",polygon
shp_poly,"POLYGON ((-73.99 40.75, -73.98 40.75, -73.98 40.74, -73.99 40.75)), POLYGON ((-73.95 40.81, -73.94 40.81, -73.94 40.80, -73.95 40.81)), POLYGON ((-73.99 40.70, -73.98 40.70, -73.985 40.69, -73.99 40.70))",polygon
geo_poly,"POLYGON ((-74.00 40.73, -73.99 40.73, -73.99 40.72, -74.00 40.73)), POLYGON ((-73.79 40.65, -73.78 40.65, -73.78 40.64, -73.79 40.65)), POLYGON ((-74.05 40.62, -74.04 40.62, -74.045 40.61, -74.05 40.62))",polygon
geo_poly,"POLYGON ((-74.00 40.71, -73.99 40.72, -74.01 40.72, -74.00 40.71)), POLYGON ((-73.98 40.76, -73.97 40.77, -73.99 40.77, -73.98 40.76)), POLYGON ((-73.95 40.78, -73.94 40.78, -73.95 40.77, -73.95 40.78)), POLYGON ((-73.97 40.75, -73.96 40.76, -73.98 40.76, -73.97 40.75)), POLYGON ((-74.01 40.70, -74.00 40.71, -74.02 40.71, -74.01 40.70))",polygon
poly_geom,"POLYGON ((-73.96 40.80, -73.95 40.81, -73.97 40.81, -73.96 40.80)), POLYGON ((-73.90 40.85, -73.89 40.86, -73.91 40.85, -73.90 40.85)), POLYGON ((-73.96 40.68, -73.95 40.68, -73.96 40.67, -73.96 40.68)), POLYGON ((-73.94 40.83, -73.93 40.84, -73.95 40.84, -73.94 40.83)), POLYGON ((-73.92 40.87, -73.91 40.88, -73.93 40.88, -73.92 40.87))",polygon
loc_bnd,"POLYGON ((-73.88 40.74, -73.87 40.75, -73.89 40.74, -73.88 40.74)), POLYGON ((-74.15 40.63, -74.14 40.63, -74.15 40.62, -74.15 40.63)), POLYGON ((-74.01 40.70, -74.00 40.70, -74.01 40.69, -74.01 40.70)), POLYGON ((-73.85 40.76, -73.84 40.77, -73.86 40.77, -73.85 40.76)), POLYGON ((-74.20 40.55, -74.19 40.56, -74.21 40.56, -74.20 40.55))",polygon
geom_pg,"POLYGON ((-74.011 40.705, -74.010 40.705, -74.010 40.704, -74.011 40.704, -74.011 40.705)), POLYGON ((-73.880 40.850, -73.879 40.851, -73.878 40.850, -73.880 40.850)), POLYGON ((-74.151 40.606, -74.150 40.606, -74.150 40.605, -74.151 40.605, -74.151 40.606))",polygon
shp_poly,"POLYGON ((-74.011 40.705, -74.010 40.705, -74.010 40.704, -74.011 40.704, -74.011 40.705)), POLYGON ((-73.880 40.850, -73.879 40.851, -73.878 40.850, -73.880 40.850)), POLYGON ((-74.151 40.606, -74.150 40.606, -74.150 40.605, -74.151 40.605, -74.151 40.606))",polygon
wkt_geom,"POLYGON ((-74.011 40.705, -74.010 40.705, -74.010 40.704, -74.011 40.704, -74.011 40.705)), POLYGON ((-73.880 40.850, -73.879 40.851, -73.878 40.850, -73.880 40.850)), POLYGON ((-74.151 40.606, -74.150 40.606, -74.150 40.605, -74.151 40.605, -74.151 40.606))",polygon
area_geometry,"POLYGON ((-73.99 40.75, -73.98 40.75, -73.98 40.74, -73.99 40.74, -73.99 40.75)), POLYGON ((-73.95 40.82, -73.94 40.82, -73.94 40.81, -73.95 40.81, -73.95 40.82)), POLYGON ((-73.96 40.70, -73.95 40.70, -73.95 40.69, -73.96 40.69, -73.96 40.70))",polygon
location_boundary,"POLYGON ((-74.01 40.71, -74.00 40.71, -74.00 40.70, -74.01 40.70, -74.01 40.71)), POLYGON ((-73.88 40.85, -73.87 40.85, -73.87 40.84, -73.88 40.84, -73.88 40.85)), POLYGON ((-73.82 40.75, -73.81 40.75, -73.81 40.74, -73.82 40.74, -73.82 40.75))",polygon
geospatial_polygon,"POLYGON ((-73.98 40.76, -73.97 40.77, -73.96 40.76, -73.98 40.76)), POLYGON ((-74.00 40.69, -73.99 40.70, -73.98 40.69, -74.00 40.69)), POLYGON ((-74.15 40.64, -74.14 40.65, -74.13 40.64, -74.15 40.64))",polygon
geom_poly,"POLYGON ((-73.985 40.758, -73.984 40.758, -73.984 40.757, -73.985 40.757, -73.985 40.758)), POLYGON ((-74.013 40.707, -74.012 40.707, -74.012 40.706, -74.013 40.706, -74.013 40.707)), POLYGON ((-73.965 40.782, -73.964 40.782, -73.964 40.781, -73.965 40.781, -73.965 40.782))",polygon
wkt_pgon,"POLYGON ((-73.991 40.703, -73.990 40.703, -73.990 40.702, -73.991 40.702, -73.991 40.703)), POLYGON ((-73.960 40.714, -73.959 40.714, -73.959 40.713, -73.960 40.713, -73.960 40.714)), POLYGON ((-73.923 40.695, -73.922 40.695, -73.922 40.694, -73.923 40.694, -73.923 40.695))",polygon
geo_shp,"POLYGON ((-73.948 40.744, -73.947 40.744, -73.947 40.743, -73.948 40.743, -73.948 40.744)), POLYGON ((-73.924 40.768, -73.923 40.768, -73.923 40.767, -73.924 40.767, -73.924 40.768)), POLYGON ((-73.829 40.759, -73.828 40.759, -73.828 40.758, -73.829 40.758, -73.829 40.759))",polygon
locationPolygon,"POLYGON ((-73.98 40.75, -73.97 40.75, -73.97 40.74, -73.98 40.74, -73.98 40.75)), POLYGON ((-74.01 40.71, -74.00 40.71, -74.00 40.70, -74.01 40.70, -74.01 40.71)), POLYGON ((-73.95 40.81, -73.94 40.81, -73.94 40.80, -73.95 40.80, -73.95 40.81)), POLYGON ((-73.99 40.69, -73.98 40.69, -73.98 40.68, -73.99 40.68, -73.99 40.69)), POLYGON ((-73.88 40.85, -73.87 40.85, -73.87 40.84, -73.88 40.84, -73.88 40.85))",polygon
areaBoundary,"POLYGON ((-74.00 40.74, -73.99 40.74, -73.99 40.73, -74.00 40.73, -74.00 40.74)), POLYGON ((-74.00 40.73, -73.99 40.73, -73.995 40.72, -74.00 40.73)), POLYGON ((-73.92 40.77, -73.90 40.77, -73.90 40.75, -73.92 40.75, -73.92 40.77)), POLYGON ((-74.15 40.63, -74.14 40.63, -74.14 40.62, -74.15 40.62, -74.15 40.63)), POLYGON ((-73.96 40.77, -73.95 40.77, -73.95 40.76, -73.96 40.76, -73.96 40.77))",polygon
zoneShape,"POLYGON ((-73.92 40.70, -73.91 40.70, -73.915 40.69, -73.92 40.70)), POLYGON ((-74.00 40.72, -73.99 40.72, -73.99 40.71, -74.00 40.71, -74.00 40.72)), POLYGON ((-73.96 40.71, -73.95 40.71, -73.95 40.70, -73.96 40.70, -73.96 40.71)), POLYGON ((-73.98 40.78, -73.97 40.78, -73.975 40.77, -73.98 40.78)), POLYGON ((-73.94 40.74, -73.93 40.74, -73.93 40.73, -73.94 40.73, -73.94 40.74))",polygon
postal_code,"10025, 11215, 11375",zip_code
area_zip_code,"10462, 10306, 10011",zip_code
location_zip,"11201, 11101, 10003",zip_code
zip,"10011, 11215, 11377",zip_code
zip_cd,"10461, 10306, 10003",zip_code
postal_cd,"11201, 11101, 10458",zip_code
postal_code,"10011, 11201, 10471",zip_code
location_zip_code,"11368, 10314, 10025",zip_code
address_zip,"11231, 10458, 11105",zip_code
zip_cd,"10011, 11201, 11377",zip_code
inc_zip,"10461, 10305, 10003",zip_code
pst_cd,"11238, 11102, 10458",zip_code
zipCode,"10001, 11201, 11101",zip_code
postalCode,"10451, 10301, 10011",zip_code
mailingZip,"11215, 11375, 10023",zip_code
zip,"10011, 11231, 10458, 11375, 10301",zip_code
zip_cd,"10025, 11217, 10467, 11435, 10314",zip_code
pstl_cd,"10002, 11206, 10462, 11102, 10308",zip_code
ZC,"10009, 11221, 10453",zip_code
POST_CODE,"11377, 10314, 10024",zip_code
ZIP_C,"11249, 10469, 11102",zip_code
zip_cd,"10001, 11201, 10451",zip_code
pcode,"11101, 10301, 10012",zip_code
zc,"11211, 10467, 11432",zip_code
inc_zip,"10011, 11201, 10461",zip_code
zip_cd,"11101, 10301, 10019",zip_code
loc_zip,"11221, 10451, 10314",zip_code
ZIP_Cd,"10011, 11201, 11101",zip_code
ZC,"10451, 10301, 10025",zip_code
Pstl_Cd,"11238, 11385, 10128",zip_code
ZIP_CD,"10021, 11215, 11375, 10461, 10306",zip_code
PCODE,"10003, 11201, 11101, 10471, 10314",zip_code
ZC,"10011, 11238, 11432, 10452, 10301",zip_code
postal_code,"10011, 11377, 10301",zip_code
location_zip_code,"11201, 10461, 10021",zip_code
delivery_zip,"10314, 11215, 11105",zip_code
ZIP_CD,"10011, 11201, 10461",zip_code
ZIP,"11377, 10306, 10025",zip_code
ZC,"11238, 10457, 11102",zip_code
locationZipCode,"10011, 11231, 10461",zip_code
eventZip,"11377, 10306, 10025",zip_code
postalCode,"11201, 10458, 11101",zip_code
postalCode,"10011, 11215, 10301",zip_code
locationZip,"10025, 11231, 10461",zip_code
incidentZipCode,"10009, 11231, 10467",zip_code
locationPostalCode,"11377, 10301, 10451",zip_code
reportZip,"10012, 11201, 11432",zip_code
ZIP_CD,"10019, 11215, 11375",zip_code
ZC,"10461, 10306, 11102",zip_code
PCode,"10001, 11206, 10458",zip_code
Property Postal Code,"10025, 11215, 10461, 11375, 10306",zip_code
Resident Zip Code,"11231, 10011, 11101, 10314, 10458",zip_code
Mailing Address Zip Code,"11432, 10003, 11201, 10471, 10301",zip_code
zipCode,"10021, 11201, 10453",zip_code
postalCode,"11377, 10301, 10003",zip_code
locationZip,"11238, 10462, 11432",zip_code
Borough_Boundary_MultiPolygon,"MULTIPOLYGON (((-74.00 40.71, -74.00 40.72, -73.99 40.72, -73.99 40.71, -74.00 40.71))), MULTIPOLYGON (((-73.96 40.68, -73.96 40.69, -73.95 40.69, -73.95 40.68, -73.96 40.68))), MULTIPOLYGON (((-73.88 40.85, -73.88 40.86, -73.87 40.86, -73.87 40.85, -73.88 40.85)))",multi-polygon
New_York_City_Area_MultiPolygon,"MULTIPOLYGON (((-73.95 40.78, -73.95 40.79, -73.94 40.79, -73.94 40.78, -73.95 40.78))), MULTIPOLYGON (((-73.92 40.75, -73.92 40.76, -73.91 40.76, -73.91 40.75, -73.92 40.75))), MULTIPOLYGON (((-74.01 40.70, -74.01 40.71, -74.00 40.71, -74.00 40.70, -74.01 40.70)))",multi-polygon
Location_Geometry_MultiPolygon,"MULTIPOLYGON (((-73.90 40.82, -73.90 40.83, -73.89 40.83, -73.89 40.82, -73.90 40.82))), MULTIPOLYGON (((-73.99 40.65, -73.99 40.66, -73.98 40.66, -73.98 40.65, -73.99 40.65))), MULTIPOLYGON (((-74.05 40.62, -74.05 40.63, -74.04 40.63, -74.04 40.62, -74.05 40.62)))",multi-polygon
area_footprint,"MULTIPOLYGON (((-73.985 40.758, -73.984 40.758, -73.984 40.757, -73.985 40.757, -73.985 40.758))), MULTIPOLYGON (((-73.985 40.695, -73.984 40.695, -73.984 40.694, -73.985 40.694, -73.985 40.695))), MULTIPOLYGON (((-73.928 40.829, -73.927 40.829, -73.927 40.828, -73.928 40.828, -73.928 40.829)))",multi-polygon
geographic_boundary,"MULTIPOLYGON (((-73.845 40.745, -73.840 40.745, -73.840 40.740, -73.845 40.740, -73.845 40.745))), MULTIPOLYGON (((-74.075 40.645, -74.070 40.645, -74.070 40.640, -74.075 40.640, -74.075 40.645))), MULTIPOLYGON (((-74.015 40.715, -74.010 40.715, -74.010 40.710, -74.015 40.710, -74.015 40.715)))",multi-polygon
zone_shape,"MULTIPOLYGON (((-73.960 40.710, -73.955 40.715, -73.950 40.710, -73.960 40.710))), MULTIPOLYGON (((-73.951 40.811, -73.950 40.811, -73.950 40.810, -73.951 40.810, -73.951 40.811))), MULTIPOLYGON (((-73.921 40.766, -73.920 40.766, -73.920 40.765, -73.921 40.765, -73.921 40.766)))",multi-polygon
geom_mp_wkt,"MULTIPOLYGON (((-74.01 40.71, -74.01 40.72, -74.00 40.72, -74.00 40.71, -74.01 40.71))), MULTIPOLYGON (((-73.96 40.67, -73.96 40.68, -73.95 40.68, -73.95 40.67, -73.96 40.67))), MULTIPOLYGON (((-73.91 40.82, -73.91 40.83, -73.90 40.83, -73.90 40.82, -73.91 40.82)))",multi-polygon
mpoly_wkt,"MULTIPOLYGON (((-74.01 40.71, -74.01 40.72, -74.00 40.72, -74.00 40.71, -74.01 40.71))), MULTIPOLYGON (((-73.96 40.67, -73.96 40.68, -73.95 40.68, -73.95 40.67, -73.96 40.67))), MULTIPOLYGON (((-73.91 40.82, -73.91 40.83, -73.90 40.83, -73.90 40.82, -73.91 40.82)))",multi-polygon
wkt_geom_mp,"MULTIPOLYGON (((-74.01 40.71, -74.01 40.72, -74.00 40.72, -74.00 40.71, -74.01 40.71))), MULTIPOLYGON (((-73.96 40.67, -73.96 40.68, -73.95 40.68, -73.95 40.67, -73.96 40.67))), MULTIPOLYGON (((-73.91 40.82, -73.91 40.83, -73.90 40.83, -73.90 40.82, -73.91 40.82)))",multi-polygon
geom_mpoly,"MULTIPOLYGON (((-74.00 40.70, -74.01 40.70, -74.00 40.71, -74.00 40.70))), MULTIPOLYGON (((-73.99 40.75, -73.98 40.75, -73.99 40.76, -73.99 40.75))), MULTIPOLYGON (((-73.95 40.80, -73.96 40.80, -73.95 40.81, -73.95 40.80)))",multi-polygon
mp_geo,"MULTIPOLYGON (((-73.85 40.65, -73.86 40.65, -73.85 40.66, -73.85 40.65))), MULTIPOLYGON (((-73.90 40.60, -73.91 40.60, -73.90 40.61, -73.90 40.60))), MULTIPOLYGON (((-74.10 40.55, -74.11 40.55, -74.10 40.56, -74.10 40.55)))",multi-polygon
mpgn_geom,"MULTIPOLYGON (((-73.75 40.85, -73.76 40.85, -73.75 40.86, -73.75 40.85))), MULTIPOLYGON (((-73.80 40.78, -73.81 40.78, -73.80 40.79, -73.80 40.78))), MULTIPOLYGON (((-74.20 40.51, -74.21 40.51, -74.20 40.52, -74.20 40.51)))",multi-polygon
GeographicBoundaryMultipolygon,"MULTIPOLYGON (((-74.00 40.71, -74.01 40.72, -74.00 40.72, -74.00 40.71))), MULTIPOLYGON (((-73.98 40.75, -73.99 40.76, -73.98 40.76, -73.98 40.75))), MULTIPOLYGON (((-73.95 40.82, -73.96 40.83, -73.95 40.83, -73.95 40.82)))",multi-polygon
ZoneMultipolygonCoordinates,"MULTIPOLYGON (((-73.96 40.78, -73.97 40.79, -73.96 40.79, -73.96 40.78))), MULTIPOLYGON (((-73.94 40.74, -73.95 40.75, -73.94 40.75, -73.94 40.74))), MULTIPOLYGON (((-73.88 40.74, -73.89 40.75, -73.88 40.75, -73.88 40.74)))",multi-polygon
AreaGeometryMultipolygon,"MULTIPOLYGON (((-73.99 40.68, -74.00 40.69, -73.99 40.69, -73.99 40.68))), MULTIPOLYGON (((-73.90 40.65, -73.91 40.66, -73.90 40.66, -73.90 40.65))), MULTIPOLYGON (((-74.08 40.63, -74.09 40.64, -74.08 40.64, -74.08 40.63)))",multi-polygon
geographic_boundary,"MULTIPOLYGON (((-73.98 40.78, -73.97 40.78, -73.97 40.79, -73.98 40.79, -73.98 40.78))), MULTIPOLYGON (((-73.96 40.67, -73.95 40.67, -73.95 40.68, -73.96 40.68, -73.96 40.67))), MULTIPOLYGON (((-73.89 40.85, -73.88 40.85, -73.88 40.86, -73.89 40.86, -73.89 40.85)))",multi-polygon
area_outline,"MULTIPOLYGON (((-74.01 40.71, -74.00 40.71, -74.00 40.72, -74.01 40.72, -74.01 40.71))), MULTIPOLYGON (((-73.85 40.75, -73.84 40.75, -73.84 40.76, -73.85 40.76, -73.85 40.75))), MULTIPOLYGON (((-74.15 40.58, -74.14 40.58, -74.14 40.59, -74.15 40.59, -74.15 40.58)))",multi-polygon
spatial_footprint,"MULTIPOLYGON (((-73.95 40.82, -73.94 40.82, -73.94 40.83, -73.95 40.83, -73.95 40.82))), MULTIPOLYGON (((-73.99 40.76, -73.98 40.76, -73.98 40.77, -73.99 40.77, -73.99 40.76))), MULTIPOLYGON (((-73.90 40.66, -73.89 40.66, -73.89 40.67, -73.90 40.67, -73.90 40.66)))",multi-polygon
geom_mp,"MULTIPOLYGON (((-74.00 40.71, -74.00 40.72, -73.99 40.72, -73.99 40.71, -74.00 40.71))), MULTIPOLYGON (((-73.95 40.67, -73.95 40.68, -73.94 40.68, -73.94 40.67, -73.95 40.67))), MULTIPOLYGON (((-73.90 40.85, -73.90 40.86, -73.89 40.86, -73.89 40.85, -73.90 40.85)))",multi-polygon
wkt_mpoly,"MULTIPOLYGON (((-74.00 40.71, -74.00 40.72, -73.99 40.72, -73.99 40.71, -74.00 40.71))), MULTIPOLYGON (((-73.95 40.67, -73.95 40.68, -73.94 40.68, -73.94 40.67, -73.95 40.67))), MULTIPOLYGON (((-73.90 40.85, -73.90 40.86, -73.89 40.86, -73.89 40.85, -73.90 40.85)))",multi-polygon
geo_mp,"MULTIPOLYGON (((-74.00 40.71, -74.00 40.72, -73.99 40.72, -73.99 40.71, -74.00 40.71))), MULTIPOLYGON (((-73.95 40.67, -73.95 40.68, -73.94 40.68, -73.94 40.67, -73.95 40.67))), MULTIPOLYGON (((-73.90 40.85, -73.90 40.86, -73.89 40.86, -73.89 40.85, -73.90 40.85)))",multi-polygon
areaBoundary,"MULTIPOLYGON (((-74.00 40.75, -73.95 40.75, -73.95 40.80, -74.00 40.80, -74.00 40.75))), MULTIPOLYGON (((-73.98 40.65, -73.93 40.65, -73.93 40.70, -73.98 40.70, -73.98 40.65))), MULTIPOLYGON (((-73.85 40.72, -73.80 40.72, -73.80 40.77, -73.85 40.77, -73.85 40.72)))",multi-polygon
zoneShape,"MULTIPOLYGON (((-73.91 40.83, -73.86 40.83, -73.86 40.88, -73.91 40.88, -73.91 40.83))), MULTIPOLYGON (((-74.16 40.59, -74.11 40.59, -74.11 40.64, -74.16 40.64, -74.16 40.59))), MULTIPOLYGON (((-74.01 40.71, -73.96 40.71, -73.96 40.76, -74.01 40.76, -74.01 40.71)))",multi-polygon
spatialFeature,"MULTIPOLYGON (((-73.88 40.74, -73.83 40.74, -73.83 40.79, -73.88 40.79, -73.88 40.74))), MULTIPOLYGON (((-73.99 40.68, -73.94 40.68, -73.94 40.73, -73.99 40.73, -73.99 40.68))), MULTIPOLYGON (((-74.05 40.61, -74.00 40.61, -74.00 40.66, -74.05 40.66, -74.05 40.61)))",multi-polygon
nycAreaGeometry,"MULTIPOLYGON (((-74.00 40.70, -73.99 40.70, -73.99 40.71, -74.00 40.71, -74.00 40.70))), MULTIPOLYGON (((-73.98 40.72, -73.97 40.72, -73.97 40.73, -73.98 40.73, -73.98 40.72))), MULTIPOLYGON (((-73.96 40.74, -73.95 40.74, -73.95 40.75, -73.96 40.75, -73.96 40.74)))",multi-polygon
boundaryMultiPolygon,"MULTIPOLYGON (((-73.94 40.76, -73.93 40.76, -73.93 40.77, -73.94 40.77, -73.94 40.76))), MULTIPOLYGON (((-73.92 40.78, -73.91 40.78, -73.91 40.79, -73.92 40.79, -73.92 40.78))), MULTIPOLYGON (((-74.01 40.71, -74.00 40.71, -74.00 40.72, -74.01 40.72, -74.01 40.71)))",multi-polygon
zoneShape,"MULTIPOLYGON (((-73.99 40.73, -73.98 40.73, -73.98 40.74, -73.99 40.74, -73.99 40.73))), MULTIPOLYGON (((-73.97 40.75, -73.96 40.75, -73.96 40.76, -73.97 40.76, -73.97 40.75))), MULTIPOLYGON (((-73.95 40.77, -73.94 40.77, -73.94 40.78, -73.95 40.78, -73.95 40.77)))",multi-polygon
spatial_footprint,"MULTIPOLYGON (((-74.0060 40.7128, -74.0050 40.7128, -74.0050 40.7138, -74.0060 40.7138, -74.0060 40.7128))), MULTIPOLYGON (((-73.9857 40.7484, -73.9847 40.7484, -73.9847 40.7494, -73.9857 40.7494, -73.9857 40.7484))), MULTIPOLYGON (((-73.9654 40.7829, -73.9644 40.7829, -73.9644 40.7839, -73.9654 40.7839, -73.9654 40.7829)), ((-73.9650 40.7845, -73.9640 40.7845, -73.9640 40.7855, -73.9650 40.7855, -73.9650 40.7845)))",multi-polygon
area_boundary,"MULTIPOLYGON (((-73.9972 40.7202, -73.9962 40.7202, -73.9962 40.7212, -73.9972 40.7212, -73.9972 40.7202))), MULTIPOLYGON (((-73.9498 40.8116, -73.9488 40.8116, -73.9488 40.8126, -73.9498 40.8126, -73.9498 40.8116))), MULTIPOLYGON (((-74.0135 40.7050, -74.0125 40.7050, -74.0125 40.7060, -74.0135 40.7060, -74.0135 40.7050)), ((-74.0140 40.7065, -74.0130 40.7065, -74.0130 40.7075, -74.0140 40.7075, -74.0140 40.7065)))",multi-polygon
plot_outline,"MULTIPOLYGON (((-73.8214 40.7485, -73.8204 40.7485, -73.8204 40.7495, -73.8214 40.7495, -73.8214 40.7485))), MULTIPOLYGON (((-73.9580 40.6782, -73.9570 40.6782, -73.9570 40.6792, -73.9580 40.6792, -73.9580 40.6782))), MULTIPOLYGON (((-73.9189 40.8492, -73.9179 40.8492, -73.9179 40.8502, -73.9189 40.8502, -73.9189 40.8492)), ((-73.9175 40.8505, -73.9165 40.8505, -73.9165 40.8515, -73.9175 40.8515, -73.9175 40.8505)))",multi-polygon
GeographicAreaWellKnownText,"MULTIPOLYGON (((-74.00 40.71, -73.99 40.71, -73.99 40.72, -74.00 40.72, -74.00 40.71))), MULTIPOLYGON (((-73.96 40.65, -73.95 40.65, -73.95 40.66, -73.96 40.66, -73.96 40.65))), MULTIPOLYGON (((-73.90 40.85, -73.89 40.85, -73.89 40.86, -73.90 40.86, -73.90 40.85)))",multi-polygon
MultiPolygonBoundaryWellKnownText,"MULTIPOLYGON (((-73.85 40.75, -73.84 40.75, -73.84 40.76, -73.85 40.76, -73.85 40.75))), MULTIPOLYGON (((-73.98 40.76, -73.97 40.76, -73.97 40.77, -73.98 40.77, -73.98 40.76))), MULTIPOLYGON (((-74.15 40.60, -74.14 40.60, -74.14 40.61, -74.15 40.61, -74.15 40.60)))",multi-polygon
SpatialRepresentationAsWellKnownText,"MULTIPOLYGON (((-73.99 40.69, -73.98 40.69, -73.98 40.70, -73.99 40.70, -73.99 40.69))), MULTIPOLYGON (((-73.88 40.82, -73.87 40.82, -73.87 40.83, -73.88 40.83, -73.88 40.82))), MULTIPOLYGON (((-73.79 40.64, -73.78 40.64, -73.78 40.65, -73.79 40.65, -73.79 40.64)))",multi-polygon
GeographicBoundaryShape,"MULTIPOLYGON (((-74.00 40.71, -74.00 40.72, -73.99 40.72, -73.99 40.71, -74.00 40.71))), MULTIPOLYGON (((-73.95 40.68, -73.95 40.69, -73.94 40.69, -73.94 40.68, -73.95 40.68))), MULTIPOLYGON (((-73.85 40.75, -73.85 40.76, -73.84 40.76, -73.84 40.75, -73.85 40.75)))",multi-polygon
AreaPolygonCoordinates,"MULTIPOLYGON (((-73.98 40.76, -73.98 40.77, -73.97 40.77, -73.97 40.76, -73.98 40.76))), MULTIPOLYGON (((-73.96 40.65, -73.96 40.66, -73.95 40.66, -73.95 40.65, -73.96 40.65))), MULTIPOLYGON (((-73.82 40.74, -73.82 40.75, -73.81 40.75, -73.81 40.74, -73.82 40.74)))",multi-polygon
ParcelMultiPolygonGeometry,"MULTIPOLYGON (((-74.01 40.70, -74.01 40.71, -74.00 40.71, -74.00 40.70, -74.01 40.70)), ((-74.01 40.72, -74.01 40.73, -74.00 40.73, -74.00 40.72, -74.01 40.72))), MULTIPOLYGON (((-73.99 40.67, -73.99 40.68, -73.98 40.68, -73.98 40.67, -73.99 40.67))), MULTIPOLYGON (((-73.79 40.73, -73.79 40.74, -73.78 40.74, -73.78 40.73, -73.79 40.73)))",multi-polygon
geographic_area_boundary,"MULTIPOLYGON (((-73.98 40.75, -73.97 40.75, -73.97 40.74, -73.98 40.74, -73.98 40.75))), MULTIPOLYGON (((-73.95 40.68, -73.94 40.68, -73.94 40.67, -73.95 40.67, -73.95 40.68))), MULTIPOLYGON (((-73.88 40.76, -73.87 40.76, -73.87 40.75, -73.88 40.75, -73.88 40.76)))",multi-polygon
multipolygon_geometry_footprint,"MULTIPOLYGON (((-73.99 40.72, -73.98 40.72, -73.98 40.71, -73.99 40.71, -73.99 40.72))), MULTIPOLYGON (((-73.96 40.69, -73.95 40.69, -73.95 40.68, -73.96 40.68, -73.96 40.69))), MULTIPOLYGON (((-73.89 40.77, -73.88 40.77, -73.88 40.76, -73.89 40.76, -73.89 40.77)))",multi-polygon
spatial_location_shape,"MULTIPOLYGON (((-74.01 40.71, -74.00 40.71, -74.00 40.70, -74.01 40.70, -74.01 40.71))), MULTIPOLYGON (((-73.93 40.80, -73.92 40.80, -73.92 40.79, -73.93 40.79, -73.93 40.80))), MULTIPOLYGON (((-73.85 40.73, -73.84 40.73, -73.84 40.72, -73.85 40.72, -73.85 40.73)))",multi-polygon
locationBoundary,"MULTIPOLYGON (((-73.981 40.751, -73.979 40.751, -73.979 40.749, -73.981 40.749, -73.981 40.751))), MULTIPOLYGON (((-73.955 40.675, -73.945 40.675, -73.945 40.665, -73.955 40.665, -73.955 40.675))), MULTIPOLYGON (((-73.881 40.741, -73.879 40.741, -73.879 40.739, -73.881 40.739, -73.881 40.741)), ((-73.901 40.851, -73.899 40.851, -73.899 40.849, -73.901 40.849, -73.901 40.851)))",multi-polygon
spatialFootprint,"MULTIPOLYGON (((-73.981 40.751, -73.979 40.751, -73.979 40.749, -73.981 40.749, -73.981 40.751))), MULTIPOLYGON (((-73.955 40.675, -73.945 40.675, -73.945 40.665, -73.955 40.665, -73.955 40.675))), MULTIPOLYGON (((-73.881 40.741, -73.879 40.741, -73.879 40.739, -73.881 40.739, -73.881 40.741)), ((-73.901 40.851, -73.899 40.851, -73.899 40.849, -73.901 40.849, -73.901 40.851)))",multi-polygon
areaGeometry,"MULTIPOLYGON (((-73.981 40.751, -73.979 40.751, -73.979 40.749, -73.981 40.749, -73.981 40.751))), MULTIPOLYGON (((-73.955 40.675, -73.945 40.675, -73.945 40.665, -73.955 40.665, -73.955 40.675))), MULTIPOLYGON (((-73.881 40.741, -73.879 40.741, -73.879 40.739, -73.881 40.739, -73.881 40.741)), ((-73.901 40.851, -73.899 40.851, -73.899 40.849, -73.901 40.849, -73.901 40.851)))",multi-polygon
GeographicBoundaryWellKnownText,"MULTIPOLYGON (((-73.9654 40.7829, -73.9654 40.7850, -73.9631 40.7850, -73.9631 40.7829, -73.9654 40.7829))), MULTIPOLYGON (((-73.9580 40.7967, -73.9580 40.7988, -73.9557 40.7988, -73.9557 40.7967, -73.9580 40.7967))), MULTIPOLYGON (((-73.9730 40.7643, -73.9730 40.7664, -73.9707 40.7664, -73.9707 40.7643, -73.9730 40.7643)))",multi-polygon
NewYorkCityAreaMultiPolygon,"MULTIPOLYGON (((-74.0135 40.7042, -74.0135 40.7063, -74.0112 40.7063, -74.0112 40.7042, -74.0135 40.7042))), MULTIPOLYGON (((-74.0099 40.7110, -74.0099 40.7131, -74.0076 40.7131, -74.0076 40.7110, -74.0099 40.7110))), MULTIPOLYGON (((-73.9984 40.7198, -73.9984 40.7219, -73.9961 40.7219, -73.9961 40.7198, -73.9984 40.7198)))",multi-polygon
SpatialAreaRepresentationText,"MULTIPOLYGON (((-73.9934 40.6931, -73.9934 40.6952, -73.9911 40.6952, -73.9911 40.6931, -73.9934 40.6931))), MULTIPOLYGON (((-73.9636 40.6755, -73.9636 40.6776, -73.9613 40.6776, -73.9613 40.6755, -73.9636 40.6755))), MULTIPOLYGON (((-73.9500 40.6860, -73.9500 40.6881, -73.9477 40.6881, -73.9477 40.6860, -73.9500 40.6860)))",multi-polygon
geographic_area_boundary,"MULTIPOLYGON (((-73.975 40.765, -73.974 40.765, -73.974 40.764, -73.975 40.764, -73.975 40.765))), MULTIPOLYGON (((-73.965 40.665, -73.964 40.665, -73.964 40.664, -73.965 40.664, -73.965 40.665))), MULTIPOLYGON (((-73.845 40.745, -73.844 40.745, -73.844 40.744, -73.845 40.744, -73.845 40.745)))",multi-polygon
location_footprint_polygon,"MULTIPOLYGON (((-73.985 40.755, -73.984 40.755, -73.984 40.754, -73.985 40.754, -73.985 40.755))), MULTIPOLYGON (((-73.955 40.675, -73.954 40.675, -73.954 40.674, -73.955 40.674, -73.955 40.675))), MULTIPOLYGON (((-73.928 40.828, -73.927 40.828, -73.927 40.827, -73.928 40.827, -73.928 40.828)))",multi-polygon
spatial_region_geometry,"MULTIPOLYGON (((-74.155 40.605, -74.154 40.605, -74.154 40.604, -74.155 40.604, -74.155 40.605))), MULTIPOLYGON (((-74.00 40.72, -73.99 40.72, -73.99 40.71, -74.00 40.71, -74.00 40.72))), MULTIPOLYGON (((-73.80 40.77, -73.79 40.77, -73.79 40.76, -73.80 40.76, -73.80 40.77)))",multi-polygon
nycAreaGeometry,"MULTIPOLYGON (((-74.00 40.73, -74.00 40.74, -73.99 40.74, -73.99 40.73, -74.00 40.73))), MULTIPOLYGON (((-73.95 40.65, -73.95 40.66, -73.94 40.66, -73.94 40.65, -73.95 40.65))), MULTIPOLYGON (((-73.88 40.75, -73.88 40.76, -73.87 40.76, -73.87 40.75, -73.88 40.75)))",multi-polygon
boroughShape,"MULTIPOLYGON (((-73.91 40.85, -73.91 40.86, -73.90 40.86, -73.90 40.85, -73.91 40.85))), MULTIPOLYGON (((-74.15 40.60, -74.15 40.61, -74.14 40.61, -74.14 40.60, -74.15 40.60))), MULTIPOLYGON (((-73.97 40.78, -73.97 40.79, -73.96 40.79, -73.96 40.78, -73.97 40.78)))",multi-polygon
mapBoundaryMultiPolygon,"MULTIPOLYGON (((-74.01 40.70, -74.01 40.72, -73.99 40.72, -73.99 40.70, -74.01 40.70))), MULTIPOLYGON (((-73.96 40.71, -73.96 40.72, -73.94 40.72, -73.94 40.71, -73.96 40.71))), MULTIPOLYGON (((-73.93 40.77, -73.93 40.78, -73.91 40.78, -73.91 40.77, -73.93 40.77)))",multi-polygon
mpoly_geom,"MULTIPOLYGON (((-73.985 40.758, -73.985 40.759, -73.984 40.759, -73.984 40.758, -73.985 40.758))), MULTIPOLYGON (((-73.994 40.693, -73.994 40.694, -73.993 40.694, -73.993 40.693, -73.994 40.693))), MULTIPOLYGON (((-73.873 40.774, -73.873 40.775, -73.872 40.775, -73.872 40.774, -73.873 40.774)))",multi-polygon
nyc_mpoly,"MULTIPOLYGON (((-73.900 40.850, -73.900 40.851, -73.899 40.851, -73.899 40.850, -73.900 40.850))), MULTIPOLYGON (((-74.150 40.600, -74.150 40.601, -74.149 40.601, -74.149 40.600, -74.150 40.600))), MULTIPOLYGON (((-74.00 40.71, -74.00 40.72, -73.99 40.72, -73.99 40.71, -74.00 40.71)), ((-74.005 40.715, -74.005 40.716, -74.004 40.716, -74.004 40.715, -74.005 40.715)))",multi-polygon
geom_mp,"MULTIPOLYGON (((-73.97 40.77, -73.97 40.79, -73.95 40.79, -73.95 40.77, -73.97 40.77), (-73.965 40.775, -73.955 40.775, -73.955 40.785, -73.965 40.785, -73.965 40.775))), MULTIPOLYGON (((-74.003 40.731, -74.003 40.732, -74.002 40.732, -74.002 40.731, -74.003 40.731))), MULTIPOLYGON (((-73.78 40.64, -73.78 40.65, -73.77 40.65, -73.77 40.64, -73.78 40.64)))",multi-polygon
geom_mpoly,"MULTIPOLYGON (((-73.985 40.758, -73.984 40.758, -73.984 40.757, -73.985 40.757, -73.985 40.758))), MULTIPOLYGON (((-74.011 40.708, -74.010 40.708, -74.010 40.707, -74.011 40.707, -74.011 40.708))), MULTIPOLYGON (((-73.966 40.783, -73.965 40.783, -73.965 40.782, -73.966 40.782, -73.966 40.783)))",multi-polygon
wkt_mpol,"MULTIPOLYGON (((-73.991 40.704, -73.990 40.704, -73.990 40.703, -73.991 40.703, -73.991 40.704))), MULTIPOLYGON (((-73.948 40.745, -73.947 40.745, -73.947 40.744, -73.948 40.744, -73.948 40.745))), MULTIPOLYGON (((-73.927 40.829, -73.926 40.829, -73.926 40.828, -73.927 40.828, -73.927 40.829)))",multi-polygon
mp_shape,"MULTIPOLYGON (((-74.078 40.645, -74.077 40.645, -74.077 40.644, -74.078 40.644, -74.078 40.645))), MULTIPOLYGON (((-74.003 40.731, -74.002 40.731, -74.002 40.730, -74.003 40.730, -74.003 40.731))), MULTIPOLYGON (((-73.945 40.811, -73.944 40.811, -73.944 40.810, -73.945 40.810, -73.945 40.811)))",multi-polygon
x_coordinate,"987654, 1012345, 999999",x_coord
easting,"915000, 1065000, 1000000",x_coord
state_plane_x,"945821, 1033456, 978123",x_coord
x_coordinate,"987500, 1015000, 992000",x_coord
state_plane_x,"930123, 1054321, 999888",x_coord
easting_value,"1005005, 965432, 1023456",x_coord
x_coordinate,"998765, 1011223, 945678, 1054321",x_coord
easting,"1001001, 987654, 1023456, 965432",x_coord
state_plane_x,"915234, 1065432, 999999, 1030507",x_coord
xCoordinate,"945821, 1015678, 988345",x_coord
statePlaneX,"1054321, 915987, 998765",x_coord
eastingCoordinate,"934567, 1023456, 1005001",x_coord
x_coordinate,"987123, 1015678, 934567, 1054321, 999888",x_coord
state_plane_x,"950111, 1025222, 918333, 1061444, 975555",x_coord
easting_coord,"1001234, 921345, 1045678, 967890, 1039876",x_coord
x_crd,"987123, 1015432, 996789, 945001",x_coord
ny_spx,"925000, 1050000, 1002500, 960800",x_coord
coord_x,"918000, 1061000, 977777, 1033333",x_coord
X_Coord,"995123, 1024589, 934567",x_coord
X_Crd,"987654, 1054321, 919876",x_coord
X_SP,"1005678, 958732, 1061234",x_coord
X_Coord,"987123, 1005678, 934567, 1059876",x_coord
SP_X,"915001, 1065002, 999999, 950123",x_coord
XCrd,"1010101, 929292, 975310, 1024680",x_coord
x_crd,"987654, 1012345, 934567",x_coord
x_sp_coord,"1055432, 999888, 915000",x_coord
nysp_x,"1000000, 965432, 1043210",x_coord
x_crd,"988000, 1021000, 999000",x_coord
x_sp,"1001000, 975000, 1050000",x_coord
easting,"992500, 1015000, 940000",x_coord
X_Coord,"1001234, 987654, 1050000, 925000, 999999",x_coord
SP_X,"915500, 1065500, 975000, 1025000, 945000",x_coord
X_CRD,"1010101, 919191, 1060606, 949494, 1030303",x_coord
xCoord,"995432, 921876, 1054321",x_coord
statePlaneX,"1012345, 945678, 987987",x_coord
eastingValue,"915000, 1065000, 1000000",x_coord
easting_coordinate,"987654, 1012345, 999888",x_coord
state_plane_x_coord,"915000, 1065000, 950505",x_coord
horizontal_position,"1000001, 934567, 1043210",x_coord
xCoordinate,"987654, 1025000, 945000",x_coord
statePlaneX,"1012345, 999888, 934567",x_coord
eastingCoordinate,"1055000, 920000, 977777",x_coord
easting_coord,"985000, 1015000, 934500",x_coord
state_plane_x,"914000, 1065000, 978321",x_coord
horizontal_position,"1023456, 967890, 998877",x_coord
xCoordinate,"1011101, 987650, 914321",x_coord
easting,"999999, 1045678, 935001",x_coord
statePlaneX,"950123, 1020304, 1065432",x_coord
xCoordinate,"986421, 1012345, 998877",x_coord
statePlaneX,"934567, 1056789, 975310",x_coord
eastingCoordinate,"1000001, 955555, 1044444",x_coord
xcrd,"950123, 1025432, 988765, 1050987",x_coord
sp_x,"920001, 1060002, 975003, 1005004",x_coord
crd_x,"935555, 1045678, 965432, 1015000",x_coord
xCoordinate,"988000, 1034500, 915678",x_coord
statePlaneX,"1010101, 999999, 1065432",x_coord
eastingCoord,"943210, 1022000, 977889",x_coord
Y_Crd,"158392, 203485, 261947",y_coord
Y_SP,"128472, 198374, 250119",y_coord
NYC_SP_Y,"270183, 149302, 215888",y_coord
New_York_City_State_Plane_Y_Coordinate,"195432, 234567, 145890",y_coord
State_Plane_Northing_Value,"268010, 121500, 189753",y_coord
Vertical_Location_Coordinate,"175000, 215000, 255000",y_coord
yCoordinate,"195400, 268100, 142300",y_coord
statePlaneY,"215000, 178900, 250100",y_coord
northingValue,"133200, 201500, 270800",y_coord
New York State Plane Northing,"251432, 187654, 210987",y_coord
Vertical Position Coordinate,"135790, 246801, 199887",y_coord
State Plane Y Axis Value,"265432, 123456, 222333",y_coord
State Plane Y Coordinate,"150123, 210555, 265987",y_coord
Northing Coordinate Value,"125432, 198765, 250000",y_coord
Vertical Grid Position,"133678, 201456, 271122",y_coord
yCoordinate,"195432, 261890, 143210",y_coord
statePlaneY,"225050, 130100, 270500",y_coord
gridY,"178345, 205678, 249876",y_coord
yCoordinate,"198500, 241300, 155000, 201200, 134500",y_coord
statePlaneY,"121000, 271500, 189000, 225000, 162345",y_coord
northingValue,"268000, 143210, 175900, 233000, 205555",y_coord
y_crd,"215432, 178901, 260123, 123456, 271000",y_coord
y_sp,"135790, 246801, 198765, 150000, 200000",y_coord
ycrd_ny,"250001, 140002, 220003, 165432, 230123",y_coord
y_crd,"198754, 234567, 145001",y_coord
sp_y,"189012, 254321, 200100",y_coord
nysp_y,"270150, 125890, 222222",y_coord
y_coordinate,"195432, 221876, 268901",y_coord
northing_coordinate,"150500, 201000, 245300",y_coord
state_plane_y,"130250, 185670, 270110",y_coord
State Plane Y Coordinate,"195400, 221800, 268900, 145000, 178300",y_coord
Northing Coordinate Value,"125150, 201100, 249600, 188800, 270500",y_coord
Vertical Geospatial Position,"235000, 167200, 131000, 259550, 208750",y_coord
State Plane Northing,"145001, 265890, 198765",y_coord
Vertical Grid Position,"215432, 130987, 255123",y_coord
New York City Y Value,"188990, 201234, 245678",y_coord
northing_coord,"148201, 250115, 198753",y_coord
y_state_plane,"212345, 175689, 268010",y_coord
vertical_position,"130500, 245987, 189432",y_coord
vertical_coordinate_state_plane,"195432, 268111, 143890",y_coord
northing_grid_value,"205678, 178901, 254321",y_coord
location_northing_coordinate,"155500, 223300, 270150",y_coord
Northing Coordinate,"145000, 201000, 265500",y_coord
Vertical Grid Coordinate,"235100, 178200, 122300",y_coord
State Plane Y Value,"199900, 250500, 160400",y_coord
yCoord,"150234, 250678, 199876",y_coord
statePlaneY,"211333, 134567, 260123",y_coord
northing,"121000, 271500, 185432",y_coord
y_crd,"215432, 189001, 267543",y_coord
y_pos,"134567, 200102, 155555",y_coord
y_sp,"271009, 123456, 240987",y_coord
y_crd,"198754, 243119, 155021",y_coord
y_sp,"268000, 122500, 201450",y_coord
nysp_y,"189900, 250500, 140000",y_coord
y_coordinate,"195000, 225000, 150000, 260000",y_coord
state_plane_y,"188765, 243210, 135790, 271000",y_coord
vertical_coordinate,"210500, 175432, 239876, 145678",y_coord
geom_ln,"LINESTRING (101000 202000, 101100 202100), LINESTRING (303000 404000, 303100 404100, 303200 404200), LINESTRING (505000 606000, 505100 606100)",line
wkt_ls,"LINESTRING (771000 881000, 772000 882000), LINESTRING (991000 111000, 992000 112000), LINESTRING (221000 331000, 222000 332000, 223000 333000)",line
ln_str,"LINESTRING (450100 550100, 450200 550200), LINESTRING (650100 750100, 650200 750200), LINESTRING (850100 950100, 850200 950200, 850300 950300)",line
line_geometry_wkt,"LINESTRING (300 100, 100 300), LINESTRING (400 400, 200 200, 400 200), LINESTRING (150 50, 400 100, 100 200)",line
route_path,"LINESTRING (1000 2000, 1100 2100), LINESTRING (3000 4000, 3200 4200, 3400 4000), LINESTRING (5000 6000, 5500 6500, 5000 6500)",line
feature_linestring,"LINESTRING (10 10, 20 20, 10 40), LINESTRING (0 0, 10 10, 20 0, 30 10), LINESTRING (1 1, 2 2, 1 2)",line
line_geometry,"LINESTRING (450100 250100, 450150 250150), LINESTRING (450200 250200, 450250 250250, 450300 250300), LINESTRING (450400 250400, 450500 250500)",line
path_wkt,"LINESTRING (789000 123000, 789100 123100), LINESTRING (789200 123200, 789300 123300), LINESTRING (789400 123400, 789500 123500, 789600 123600)",line
route_line,"LINESTRING (112233 445566, 112244 445577), LINESTRING (112255 445588, 112266 445599), LINESTRING (223344 556677, 223355 556688)",line
Linear_Feature_Geometry,"LINESTRING (301000 401000, 301100 401100), LINESTRING (301200 401200, 301300 401300, 301400 401400), LINESTRING (301500 401500, 301600 401600)",line
Route_Path_Definition,"LINESTRING (550000 650000, 550100 650000), LINESTRING (550200 650200, 550300 650300), LINESTRING (550400 650400, 550500 650500, 550600 650600)",line
Spatial_Line_Representation,"LINESTRING (998100 201500, 998200 201600), LINESTRING (998300 201700, 998400 201800), LINESTRING (998500 201900, 998600 202000)",line
geom,"LINESTRING (100100 200100, 100150 200200), LINESTRING (100200 200300, 100250 200400, 100300 200500), LINESTRING (100400 200600, 100450 200700), LINESTRING (100500 200800, 100550 200900), LINESTRING (100600 201000, 100650 201100)",line
line_wkt,"LINESTRING (100100 200100, 100150 200200), LINESTRING (100200 200300, 100250 200400, 100300 200500), LINESTRING (100400 200600, 100450 200700), LINESTRING (100500 200800, 100550 200900), LINESTRING (100600 201000, 100650 201100)",line
ln_shp,"LINESTRING (100100 200100, 100150 200200), LINESTRING (100200 200300, 100250 200400, 100300 200500), LINESTRING (100400 200600, 100450 200700), LINESTRING (100500 200800, 100550 200900), LINESTRING (100600 201000, 100650 201100)",line
geom_ln,"LINESTRING (100100 200200, 100150 200250), LINESTRING (100200 200300, 100250 200350, 100300 200400), LINESTRING (100400 200500, 100450 200550), LINESTRING (100500 200600, 100550 200650), LINESTRING (100600 200700, 100650 200750)",line
ln_wkt,"LINESTRING (550000 660000, 550100 660100), LINESTRING (551000 661000, 551100 661100), LINESTRING (552000 662000, 552100 662100, 552200 662200), LINESTRING (553000 663000, 553100 663100), LINESTRING (554000 664000, 554100 664100)",line
linestr_geom,"LINESTRING (888000 999000, 888100 999100), LINESTRING (888200 999200, 888300 999300), LINESTRING (888400 999400, 888500 999500), LINESTRING (888600 999600, 888700 999700, 888800 999800), LINESTRING (889000 999000, 889100 999100)",line
geom_ln,"LINESTRING (102030 405060, 102130 405160), LINESTRING (556677 889900, 556777 889910), LINESTRING (121212 343434, 121312 343534, 121412 343634)",line
ln_wkt,"LINESTRING (998100 201500, 998200 201600), LINESTRING (4500 6700, 4550 6770), LINESTRING (3210 4321, 3310 4421, 3410 4521)",line
geo_line,"LINESTRING (500100 600200, 500150 600250), LINESTRING (78901 23456, 78911 23466), LINESTRING (11111 22222, 33333 44444)",line
geom_ln,"LINESTRING (102100 203500, 102150 203550), LINESTRING (102200 203600, 102250 203650, 102300 203700), LINESTRING (102400 203800, 102450 203850)",line
ln_wkt,"LINESTRING (102100 203500, 102150 203550), LINESTRING (102200 203600, 102250 203650, 102300 203700), LINESTRING (102400 203800, 102450 203850)",line
spat_ln,"LINESTRING (102100 203500, 102150 203550), LINESTRING (102200 203600, 102250 203650, 102300 203700), LINESTRING (102400 203800, 102450 203850)",line
geom_ln,"LINESTRING (30 10, 10 30, 40 40), LINESTRING (50 20, 20 40, 50 50), LINESTRING (60 30, 30 50, 60 60), LINESTRING (70 40, 40 60, 70 70), LINESTRING (80 50, 50 70, 80 80)",line
sp_geom,"LINESTRING (1010 2020, 1030 2040), LINESTRING (1110 2120, 1130 2140), LINESTRING (1210 2220, 1230 2240, 1250 2260), LINESTRING (1310 2320, 1330 2340), LINESTRING (1410 2420, 1430 2440)",line
wkt_line,"LINESTRING (5500 6500, 5510 6510), LINESTRING (5600 6600, 5610 6610), LINESTRING (5700 6700, 5710 6710), LINESTRING (5800 6800, 5810 6810, 5820 6820), LINESTRING (5900 6900, 5910 6910)",line
LinearFeatureGeometry,"LINESTRING (3010 1020, 3020 1030), LINESTRING (4500 5500, 4510 5510, 4520 5520), LINESTRING (100000 200000, 100010 200010), LINESTRING (-73.99 40.75, -73.98 40.76), LINESTRING (12.34 56.78, 12.35 56.79)",line
RoutePathDefinition,"LINESTRING (0 0, 10 10), LINESTRING (500 600, 510 610, 520 620, 530 630), LINESTRING (98765 43210, 98775 43220), LINESTRING (110.5 -32.1, 110.6 -32.0), LINESTRING (345678 987654, 345688 987664)",line
GeospatialLineSegment,"LINESTRING (1 1, 2 2, 3 3), LINESTRING (25000 75000, 25010 75010), LINESTRING (40.1 20.2, 40.3 20.4), LINESTRING (-90.1 45.2, -90.2 45.3, -90.3 45.4), LINESTRING (8888 9999, 8898 9989)",line
geom_ln,"LINESTRING (101000 201000, 102000 202000), LINESTRING (103000 203000, 104000 204000, 105000 205000), LINESTRING (106000 206000, 107000 207000)",line
wkt_lin,"LINESTRING (301000 401000, 302000 402000), LINESTRING (303000 403000, 304000 404000), LINESTRING (305000 405000, 306000 406000)",line
shp_line,"LINESTRING (501000 601000, 502000 602000), LINESTRING (503000 603000, 504000 604000), LINESTRING (505000 605000, 506000 606000, 507000 607000)",line
geom,"LINESTRING (998100 201500, 998200 201600), LINESTRING (998300 201700, 998400 201800), LINESTRING (998500 201900, 998600 202000)",line
ln_geom,"LINESTRING (112200 334400, 112250 334450), LINESTRING (112300 334500, 112350 334550, 112400 334600), LINESTRING (112500 334700, 112550 334750)",line
lnstr,"LINESTRING (556600 778800, 556610 778810), LINESTRING (556620 778820, 556630 778830), LINESTRING (556640 778840, 556650 778850)",line
geom_ln,"LINESTRING (1000 2000, 1050 2050), LINESTRING (3000 4000, 3100 4100, 3200 4000), LINESTRING (5500 6500, 5600 6400)",line
wkt_lnstr,"LINESTRING (1000 2000, 1050 2050), LINESTRING (3000 4000, 3100 4100, 3200 4000), LINESTRING (5500 6500, 5600 6400)",line
spat_ln,"LINESTRING (1000 2000, 1050 2050), LINESTRING (3000 4000, 3100 4100, 3200 4000), LINESTRING (5500 6500, 5600 6400)",line
geom_ln,"LINESTRING (998100 201500, 998200 201600), LINESTRING (350000 450000, 350100 450100, 350200 450050), LINESTRING (100100 200200, 100150 200250)",line
wkt_ln,"LINESTRING (550000 650000, 550000 650100), LINESTRING (780100 890100, 780200 890100), LINESTRING (420000 530000, 420100 530100)",line
ln_str,"LINESTRING (111000 222000, 111100 222100), LINESTRING (333000 444000, 333100 444000), LINESTRING (555000 666000, 555100 666100, 555200 666200)",line
geom_ln,"LINESTRING (101000 202000, 101100 202100), LINESTRING (102000 203000, 102100 203100, 102200 203200), LINESTRING (103000 204000, 103100 204100)",line
ln_wkt,"LINESTRING (330000 440000, 330100 440100), LINESTRING (331000 441000, 331100 441100), LINESTRING (332000 442000, 332100 442100)",line
geo_lnstr,"LINESTRING (789000 123000, 789100 123100), LINESTRING (789200 123200, 789300 123300), LINESTRING (789400 123400, 789500 123500, 789600 123600)",line
LinearFeatureGeometry,"LINESTRING (45100 78200, 45150 78250), LINESTRING (45300 78400, 45350 78450, 45400 78500), LINESTRING (45600 78700, 45650 78750), LINESTRING (45800 78900, 45850 78950), LINESTRING (46000 79100, 46050 79150)",line
RoutePathWellKnownText,"LINESTRING (112233 445566, 112244 445577), LINESTRING (123456 654321, 123467 654332), LINESTRING (130000 460000, 131000 461000, 132000 460000), LINESTRING (145000 475000, 145100 475200), LINESTRING (150000 480000, 150500 480500)",line
SpatialLineString,"LINESTRING (888888 999999, 888889 999998), LINESTRING (870000 980000, 871000 981000), LINESTRING (865432 975432, 865442 975442), LINESTRING (850010 960020, 850030 960040, 850050 960060), LINESTRING (840100 950200, 840300 950400)",line
GeographicLineString,"LINESTRING (102000 304000, 102100 304100), LINESTRING (102200 304200, 102300 304300, 102400 304200), LINESTRING (102500 304500, 102600 304600), LINESTRING (102700 304700, 102800 304800), LINESTRING (102900 304900, 103000 305000)",line
SpatialLineGeometry,"LINESTRING (450100 880200, 450200 880300), LINESTRING (450300 880400, 450400 880500), LINESTRING (450500 880600, 450600 880700, 450700 880600), LINESTRING (450800 880900, 450900 881000), LINESTRING (451000 881100, 451100 881200)",line
RoutePathDefinition,"LINESTRING (77200 55100, 77250 55150), LINESTRING (77300 55200, 77350 55250), LINESTRING (77400 55300, 77450 55350), LINESTRING (77500 55400, 77550 55450, 77600 55400), LINESTRING (77650 55500, 77700 55550)",line
line_path_geom,"LINESTRING (30 10, 10 30, 40 40), LINESTRING (1000 2000, 1050 2050), LINESTRING (55.1 66.2, 55.3 66.4)",line
route_wkt,"LINESTRING (998100 201500, 998200 201600, 998300 201700), LINESTRING (0 0, 10 10), LINESTRING (-122.4 37.8, -122.3 37.7)",line
track_linestring,"LINESTRING (500000 500000, 500001 500001), LINESTRING (45.0 45.0, 45.1 45.0, 45.2 45.1), LINESTRING (345678 987654, 345688 987664)",line
line_path,"LINESTRING (100100 200100, 100200 200200), LINESTRING (100300 200300, 100400 200400, 100500 200500), LINESTRING (100600 200600, 100700 200600), LINESTRING (100800 200800, 100900 200900), LINESTRING (101000 201000, 101100 201100)",line
route_geometry,"LINESTRING (350100 450100, 350200 450200), LINESTRING (350300 450300, 350400 450400), LINESTRING (350500 450500, 350600 450500, 350700 450600), LINESTRING (350800 450800, 350900 450900), LINESTRING (351000 451000, 351100 451000)",line
trajectory_line,"LINESTRING (880100 990100, 880200 990200), LINESTRING (880300 990300, 880400 990400, 880450 990450), LINESTRING (880500 990500, 880600 990600), LINESTRING (880700 990700, 880800 990800), LINESTRING (880900 990900, 881000 991000, 881100 991100)",line
CTY,"BROOKLYN, MANHATTAN, HOBOKEN",city
MUNI,"QUEENS, JERSEY CITY, YONKERS",city
TOWN_NM,"BRONX, NEWARK, STATEN ISLAND",city
Borough Or City Name,"QUEENS, STATEN ISLAND, JERSEY CITY",city
Municipality,"YONKERS, HOBOKEN, NEWARK",city
Property Location City,"MANHATTAN, QUEENS, NEW ROCHELLE",city
Municipality Name,"Brooklyn, Manhattan, Jersey City, Yonkers, Astoria",city
Borough Or City Name,"Queens, Bronx, Hoboken, Staten Island, New Rochelle",city
Urban Center Location,"Newark, Flushing, Harlem, Park Slope, Fort Lee",city
Cty,"MANHATTAN, BROOKLYN, QUEENS, BRONX",city
Boro,"QUEENS, STATEN ISLAND, HOBOKEN, YONKERS",city
Muni,"JERSEY CITY, NEWARK, WHITE PLAINS, NEW ROCHELLE",city
Cty,"Brooklyn, Jersey City, Yonkers",city
Loc,"Manhattan, Hoboken, Astoria",city
Muni,"Queens, Newark, Staten Island",city
CTY,"MANHATTAN, BROOKLYN, QUEENS, BRONX, STATEN ISLAND",city
BORO,"QUEENS, STATEN ISLAND, MANHATTAN, YONKERS, HOBOKEN",city
MUNI,"JERSEY CITY, NEWARK, BRONX, BROOKLYN, NEW ROCHELLE",city
destination_city,"BROOKLYN, MANHATTAN, QUEENS, HOBOKEN, JERSEY CITY",city
residence_municipality,"THE BRONX, STATEN ISLAND, NEWARK, YONKERS, WHITE PLAINS",city
shipping_location,"ASTORIA, FLUSHING, JAMAICA, WEEHAWKEN, FORT LEE",city
borough_name,"QUEENS, STATEN ISLAND, BRONX",city
municipality,"JERSEY CITY, HOBOKEN, YONKERS",city
urban_center,"NEWARK, WHITE PLAINS, NEW ROCHELLE",city
Municipality Name,"Brooklyn, Manhattan, Queens",city
Location City Name,"Jersey City, Hoboken, Newark",city
Urban Center Name,"Astoria, The Bronx, Staten Island",city
Borough Or City Name,"MANHATTAN, BROOKLYN, QUEENS, STATEN ISLAND, BRONX",city
Municipality Location,"JERSEY CITY, HOBOKEN, NEWARK, YONKERS, MANHATTAN",city
Urban Area Designation,"QUEENS, NEW ROCHELLE, BRONX, BROOKLYN, WHITE PLAINS",city
municipality,"Brooklyn, Manhattan, Queens, Hoboken, Jersey City",city
city_location,"The Bronx, Staten Island, Newark, Yonkers, New Rochelle",city
urban_area,"White Plains, Elizabeth, Hempstead, Flushing, Jamaica",city
CTY,"MANHATTAN, QUEENS, BRONX",city
BORO,"BROOKLYN, STATEN ISLAND, JERSEY CITY",city
MUNI,"HOBOKEN, YONKERS, NEWARK",city
Municipality Name,"Brooklyn, Manhattan, The Bronx",city
Urban Area Location,"Jersey City, Hoboken, Newark",city
City Of Residence,"Queens, Staten Island, Yonkers",city
Residential Borough Or City,"QUEENS, STATEN ISLAND, JERSEY CITY, YONKERS, HOBOKEN",city
Municipality Of Residence,"NEWARK, NEW ROCHELLE, WHITE PLAINS, PATERSON, ELIZABETH",city
Urban Area Location,"WEEHAWKEN, MOUNT VERNON, HEMPSTEAD, LONG BEACH, PASSAIC",city
Cty,"Brooklyn, Manhattan, Queens, The Bronx, Staten Island",city
Muni,"Jersey City, Hoboken, Newark, Weehawken, Fort Lee",city
Loc_Nm,"Astoria, Flushing, Yonkers, New Rochelle, White Plains",city
boroughName,"QUEENS, STATEN ISLAND, MANHATTAN, BROOKLYN",city
municipality,"JERSEY CITY, HOBOKEN, NEWARK, YONKERS",city
serviceArea,"WHITE PLAINS, NEW ROCHELLE, HEMPSTEAD, PATERSON",city
cty,"Brooklyn, Manhattan, Jersey City, Hoboken",city
city_nm,"Queens, Bronx, Newark, Yonkers",city
loc,"Staten Island, White Plains, New Rochelle, Paterson",city
Borough Name,"QUEENS, STATEN ISLAND, MANHATTAN",city
Municipality Name,"JERSEY CITY, YONKERS, BROOKLYN",city
City Or Borough,"HOBOKEN, NEWARK, BRONX",city
cty,"Brooklyn, Queens, Manhattan",city
city_nm,"Jersey City, Hoboken, Newark",city
loc_cty,"Bronx, Yonkers, Astoria",city
location_municipality,"HOBOKEN, JERSEY CITY, YONKERS",city
address_city,"NEWARK, NEW ROCHELLE, MANHATTAN",city
State of Residence,"NY, New York, NY",state
Address State,"New York, New York, New York",state
Location State,"NY, NY, NY",state
stateAbbreviation,"NY, CA, TX",state
locationState,"New York, FL, WA",state
residentState,"NY, Ohio, AZ",state
state_code,"NY, NY, NY",state
state_name,"New York, New York, New York",state
us_state,"NY, New York, NY",state
St,"NY, CA, TX, FL",state
St_Abbr,"New York, NJ, IL, WA",state
US_St_Cd,"NY, PA, OH, New York",state
st,"NY, CA, TX, FL, IL",state
state_cd,"NY, California, TX, Florida, IL",state
st_abbr,"New York, CA, TX, FL, Illinois",state
ST,"NY, CA, Texas, FL, New York",state
St_Abbr,"NY, TX, CA, FL, AZ",state
US_State,"New York, California, NY, TX, Florida",state
stateName,"New York, California, Texas, Florida",state
locationState,"NY, CA, TX, FL",state
stateAbbreviation,"WA, OR, NV, AZ",state
St_Cd,"New York, WA, NJ, NY",state
State_Abbr,"NY, AZ, CO, NM",state
State of Residence,"NY, CA, New York, TX",state
Location State,"New York, FL, WA, OH",state
Address State,"AZ, IL, MI, New York",state
state_abbreviation,"NY, CA, TX, FL, WA",state
state_full_name,"New York, California, Texas, Florida, Washington",state
address_state,"NY, GA, OH, AZ, CO",state
region_code,"NY, NY, NY",state
St,"NY, NY, CA, TX, FL",state
St_Cd,"NY, NJ, PA, CT, NY",state
State_Abbrv,"NY, New York, CA, California, TX",state
us_state,"New York, California, Texas, Florida, Washington",state
location_state,"NY, New York, NJ, PA, CT",state
State Of Residence,"NY, CA, TX, FL, NY",state
Location State,"New York, California, WA, IL, NY",state
State Name,"New York, Texas, Florida, Ohio, New York",state
St,"NY, CA, FL",state
St_Cd,"TX, WA, New York",state
US_St,"AZ, Ohio, California",state
locationState,"New York, FL, NY",state
usState,"California, NY, Texas",state
St,"NY, PA, NJ",state
State_Abbr,"New York, CA, TX",state
State_Cd,"FL, NY, IL",state
st,"NY, NY, NY",state
st_cd,"New York, New York, New York",state
st_abbr,"NY, NY, NY",state
St,"NY, NY, NY",state
State_Abbr,"New York, NY, New York",state
ST_CD,"NY, New York, NY",state
St,"NY, CA, New York",state
ST_CD,"TX, FL, NY",state
US_St,"New York, NJ, PA",state
stateCode,"NY, CA, TX",state
stateName,"New York, California, Texas",state
usState,"NY, New York, FL",state
state_cd,"New York, New York, New York",state
Building Identification Number,"1012345, 3344556, 4098765",bin
Department Of Buildings Number,"2121212, 5001002, 1987654",bin
Property Building Identifier,"4455667, 3030303, 2876543",bin
building_identification_number,"1045231, 3321987, 5123456",bin
property_bin_number,"4098765, 2112345, 1876543",bin
nyc_building_id,"3001234, 5432109, 2987654",bin
BLDG_ID,"1023456, 2098765, 3112233, 4556677, 5889900",bin
BLD_NUM,"3045678, 4012345, 1087654, 2192837, 5152634",bin
PROP_ID,"4065738, 1928374, 3657382, 5910293, 2847563",bin
BLDG_ID,"1045678, 3301299, 4088765",bin
BLD_NO,"2154321, 5001234, 1998877",bin
BID,"4411223, 3050607, 2876543",bin
buildingIdNumber,"1029384, 2039485, 3348596",bin
propertyIdentifier,"4059687, 5069788, 1079889",bin
buildingBin,"2234567, 3456789, 4567890",bin
building_identifier,"1012345, 3456789, 5001122",bin
property_bin_number,"1012345, 3456789, 5001122",bin
structure_id,"1012345, 3456789, 5001122",bin
Building Identification Number,"1045678, 3321987, 4098765",bin
New York City Building Identifier,"2112233, 5010203, 1876543",bin
Property Reference Number,"4455667, 3987123, 2054321",bin
BID,"1012345, 2987654, 3112233",bin
BLDG_ID,"4556677, 5889900, 1234567",bin
BLDG_NUM,"3998877, 4776655, 2334455",bin
BID,"1012345, 2987654, 3456789, 4112233",bin
BLDG_ID,"1012345, 2987654, 3456789, 4112233",bin
BLD_NUM,"1012345, 2987654, 3456789, 4112233",bin
Building Identification Number,"1023456, 2034567, 3045678",bin
Property Identification Code,"4056789, 5067890, 1078901",bin
Department Of Buildings Identifier,"2089012, 3090123, 4101234",bin
Building Identification Number,"1011234, 3455678, 4899012",bin
Property Identification Code,"2123456, 5654321, 1987654",bin
Unique Building Identifier,"3001002, 4002003, 5003004",bin
BLD_ID,"1029384, 2039485, 3049586",bin
BLDG_NUM,"4059687, 5069788, 1079889",bin
BIN_NUM,"2089980, 3099081, 4108182",bin
BLDG_ID,"1045234, 2987112, 3309876, 4123456, 5001234",bin
BLD_NUM,"3456789, 4567890, 5678901, 1234567, 2345678",bin
NYC_BIN,"5543210, 4432109, 3321098, 2210987, 1109876",bin
buildingId,"1045321, 2098765, 3012345",bin
propertyIdentifier,"4456789, 5001234, 1122334",bin
buildingNumber,"2233445, 3344556, 4455667",bin
building_identification_number,"1012345, 2987654, 3345678",bin
property_bin_id,"4112233, 5001122, 1555666",bin
building_code,"2468012, 3141592, 4242424",bin
BLD_ID,"1012345, 3345678, 4567890",bin
BLDG_NO,"2987654, 5112233, 1445566",bin
BUILD_NUM,"4765432, 3221144, 2558899",bin
BLDG_ID,"1012345, 2023456, 3034567",bin
BLD_NUM,"4045678, 5056789, 1123456",bin
PROP_ID,"2234567, 3345678, 4456789",bin
BLDG_ID,"1023456, 3344556, 5012987",bin
BLD_NO,"2987654, 4455667, 1876543",bin
NYC_BIN,"3112233, 5566778, 4123456",bin
BLDG_ID,"1087654, 3321987, 4500123",bin
BLDG_NO,"2098765, 5123456, 1987654",bin
BID,"4433211, 3012345, 2876543",bin
BLDG_ID,"1087453, 3309812, 4112345",bin
BIDN,"2054321, 5078901, 1022876",bin
BldIDNum,"4401987, 3065432, 2109876",bin
road_segments,"MULTILINESTRING ((-73.9854 40.7580, -73.9840 40.7591), (-73.9830 40.7600, -73.9820 40.7610)), MULTILINESTRING ((-74.0006 40.7128, -74.0016 40.7138)), MULTILINESTRING ((-73.9654 40.7781, -73.9644 40.7791, -73.9634 40.7801))",multi-line
transit_route_shape,"MULTILINESTRING ((-73.991 40.742, -73.992 40.743, -73.993 40.744), (-73.994 40.745, -73.995 40.746)), MULTILINESTRING ((-73.958 40.768, -73.959 40.769)), MULTILINESTRING ((-74.010 40.705, -74.011 40.706), (-74.012 40.707, -74.013 40.708))",multi-line
pathway_lines,"MULTILINESTRING ((-73.977 40.764, -73.978 40.765), (-73.979 40.766, -73.980 40.767)), MULTILINESTRING ((-73.945 40.800, -73.946 40.801, -73.947 40.802)), MULTILINESTRING ((-74.005 40.725, -74.006 40.726))",multi-line
ml_geom,"MULTILINESTRING ((-74.0 40.7, -74.01 40.71), (-73.99 40.72, -73.98 40.73)), MULTILINESTRING ((-73.95 40.75, -73.96 40.76, -73.97 40.77)), MULTILINESTRING ((-73.8 40.8, -73.85 40.8), (-73.82 40.81, -73.82 40.83))",multi-line
path_mls,"MULTILINESTRING ((-73.98 40.68, -73.97 40.69), (-74.1 40.65, -74.11 40.64)), MULTILINESTRING ((-74.2 40.55, -74.18 40.56, -74.19 40.58)), MULTILINESTRING ((-73.75 40.9, -73.76 40.89), (-73.75 40.88, -73.76 40.87))",multi-line
shape_ml,"MULTILINESTRING ((-73.99 40.74, -73.98 40.75), (-73.97 40.76, -73.96 40.77)), MULTILINESTRING ((-74.05 40.6, -74.06 40.62, -74.05 40.64)), MULTILINESTRING ((-73.91 40.81, -73.92 40.82), (-73.93 40.83, -73.94 40.84))",multi-line
routeLines,"MULTILINESTRING ((-74.00 40.71, -74.01 40.72), (-73.99 40.73, -73.98 40.74)), MULTILINESTRING ((-73.95 40.80, -73.96 40.81)), MULTILINESTRING ((-73.97 40.75, -73.97 40.76, -73.98 40.76))",multi-line
streetPaths,"MULTILINESTRING ((-73.98 40.76, -73.99 40.77), (-73.97 40.78, -73.96 40.79)), MULTILINESTRING ((-74.00 40.70, -74.00 40.71, -73.99 40.71)), MULTILINESTRING ((-73.95 40.74, -73.94 40.75))",multi-line
pathGeometries,"MULTILINESTRING ((-73.96 40.81, -73.95 40.82)), MULTILINESTRING ((-73.99 40.72, -73.98 40.73), (-74.00 40.74, -74.01 40.75)), MULTILINESTRING ((-73.98 40.78, -73.98 40.79, -73.97 40.79))",multi-line
geom_mls,"MULTILINESTRING ((-73.98 40.76, -73.99 40.75)), MULTILINESTRING ((-74.01 40.71, -74.01 40.70, -74.00 40.71)), MULTILINESTRING ((-73.95 40.80, -73.94 40.81, -73.93 40.80))",multi-line
geo_mln,"MULTILINESTRING ((-73.96 40.77, -73.95 40.77)), MULTILINESTRING ((-73.88 40.74, -73.87 40.75), (-73.86 40.74, -73.85 40.75)), MULTILINESTRING ((-73.99 40.69, -73.98 40.68))",multi-line
mls_geo,"MULTILINESTRING ((-74.04 40.63, -74.03 40.63, -74.04 40.62)), MULTILINESTRING ((-73.78 40.65, -73.79 40.66, -73.78 40.67)), MULTILINESTRING ((-74.00 40.72, -73.99 40.72), (-74.00 40.73, -73.99 40.73))",multi-line
routeGeometry,"MULTILINESTRING ((-73.985 40.758, -73.979 40.767), (-73.982 40.761, -73.975 40.764)), MULTILINESTRING ((-73.997 40.703, -73.993 40.706), (-73.995 40.702, -73.991 40.705)), MULTILINESTRING ((-73.845 40.745, -73.842 40.749), (-73.847 40.742, -73.844 40.746))",multi-line
streetSegments,"MULTILINESTRING ((-74.011 40.708, -74.008 40.711), (-74.013 40.706, -74.010 40.709)), MULTILINESTRING ((-73.926 40.829, -73.923 40.832), (-73.928 40.827, -73.925 40.830)), MULTILINESTRING ((-74.076 40.643, -74.073 40.645), (-74.078 40.641, -74.075 40.643))",multi-line
pathCollection,"MULTILINESTRING ((-74.002 40.731, -73.999 40.734), (-74.000 40.730, -73.997 40.733)), MULTILINESTRING ((-73.945 40.808, -73.942 40.811), (-73.947 40.806, -73.944 40.809)), MULTILINESTRING ((-73.969 40.662, -73.966 40.665), (-73.971 40.660, -73.968 40.663))",multi-line
multiLineGeometry,"MULTILINESTRING ((-74.00 40.71, -74.01 40.72)), MULTILINESTRING ((-73.98 40.75, -73.97 40.76, -73.98 40.77)), MULTILINESTRING ((-73.95 40.80, -73.94 40.81))",multi-line
streetPathData,"MULTILINESTRING ((-73.99 40.70, -73.98 40.71), (-73.99 40.72, -73.98 40.73)), MULTILINESTRING ((-74.01 40.74, -74.02 40.75)), MULTILINESTRING ((-73.96 40.78, -73.95 40.79))",multi-line
routeShape,"MULTILINESTRING ((-73.93 40.82, -73.92 40.83, -73.91 40.84)), MULTILINESTRING ((-73.98 40.68, -73.99 40.69), (-73.97 40.67, -73.96 40.66)), MULTILINESTRING ((-74.00 40.76, -73.99 40.76, -73.99 40.77))",multi-line
geom_mls,"MULTILINESTRING ((-73.98 40.75, -73.97 40.76)), MULTILINESTRING ((-74.00 40.71, -74.01 40.70)), MULTILINESTRING ((-73.95 40.78, -73.94 40.79))",multi-line
spat_mln,"MULTILINESTRING ((-73.99 40.73, -73.98 40.74)), MULTILINESTRING ((-73.87 40.77, -73.86 40.76)), MULTILINESTRING ((-74.01 40.69, -74.02 40.68))",multi-line
geo_ml,"MULTILINESTRING ((-73.96 40.80, -73.95 40.81)), MULTILINESTRING ((-73.93 40.83, -73.92 40.84)), MULTILINESTRING ((-73.98 40.72, -73.97 40.71, -73.96 40.70))",multi-line
RouteGeometryRepresentation,"MULTILINESTRING ((-73.985 40.748, -73.980 40.750), (-73.988 40.755, -73.983 40.758)), MULTILINESTRING ((-73.994 40.690, -73.990 40.685)), MULTILINESTRING ((-73.880 40.850, -73.875 40.855), (-73.900 40.860, -73.895 40.865))",multi-line
StreetNetworkLinework,"MULTILINESTRING ((-74.006 40.712, -74.004 40.713)), MULTILINESTRING ((-73.965 40.782, -73.963 40.783), (-73.961 40.784, -73.959 40.785)), MULTILINESTRING ((-73.958 40.678, -73.956 40.679), (-73.954 40.680, -73.952 40.681))",multi-line
MultiLinePathCoordinates,"MULTILINESTRING ((-73.977 40.763, -73.975 40.765)), MULTILINESTRING ((-73.950 40.779, -73.948 40.781), (-73.946 40.783)), MULTILINESTRING ((-73.999 40.720, -73.997 40.722), (-73.995 40.724))",multi-line
geom_mls,"MULTILINESTRING ((-74.00 40.71, -74.00 40.72), (-73.99 40.71, -73.99 40.72)), MULTILINESTRING ((-73.95 40.68, -73.94 40.68)), MULTILINESTRING ((-73.88 40.75, -73.87 40.76, -73.88 40.77))",multi-line
mln_str,"MULTILINESTRING ((-73.97 40.78, -73.96 40.78)), MULTILINESTRING ((-74.01 40.70, -74.01 40.71), (-74.00 40.70, -74.00 40.71)), MULTILINESTRING ((-73.90 40.85, -73.89 40.85), (-73.90 40.86, -73.89 40.86))",multi-line
geo_ml,"MULTILINESTRING ((-74.15 40.64, -74.14 40.64), (-74.15 40.63, -74.14 40.63)), MULTILINESTRING ((-73.96 40.71, -73.95 40.72)), MULTILINESTRING ((-74.011 40.705, -74.005 40.705))",multi-line
street_network_geometry,"MULTILINESTRING ((-74.00 40.71, -74.01 40.72), (-74.00 40.73, -74.01 40.74)), MULTILINESTRING ((-73.99 40.75, -73.98 40.76, -73.97 40.75)), MULTILINESTRING ((-73.95 40.80, -73.96 40.81))",multi-line
route_path_data,"MULTILINESTRING ((-73.98 40.76, -73.97 40.77)), MULTILINESTRING ((-73.99 40.74, -73.99 40.75), (-73.98 40.74, -73.98 40.75)), MULTILINESTRING ((-74.01 40.70, -74.00 40.70, -73.99 40.71))",multi-line
transportation_lines,"MULTILINESTRING ((-73.96 40.78, -73.95 40.79, -73.94 40.78)), MULTILINESTRING ((-74.00 40.72, -73.99 40.73)), MULTILINESTRING ((-73.97 40.76, -73.97 40.77), (-73.96 40.76, -73.96 40.77))",multi-line
mls_geom,"MULTILINESTRING ((-73.985 40.758, -73.984 40.759), (-73.983 40.760, -73.982 40.761)), MULTILINESTRING ((-73.994 40.689, -73.993 40.690, -73.992 40.691)), MULTILINESTRING ((-73.874 40.774, -73.873 40.775), (-73.872 40.776, -73.871 40.777))",multi-line
geo_mls,"MULTILINESTRING ((-73.901 40.811, -73.902 40.812), (-73.903 40.813, -73.904 40.814)), MULTILINESTRING ((-73.955 40.783, -73.956 40.784, -73.957 40.785)), MULTILINESTRING ((-74.150 40.583, -74.151 40.584), (-74.152 40.585, -74.153 40.586))",multi-line
mln_str,"MULTILINESTRING ((-73.788 40.645, -73.787 40.646), (-73.786 40.647, -73.785 40.648)), MULTILINESTRING ((-73.960 40.670, -73.961 40.671, -73.962 40.672)), MULTILINESTRING ((-74.010 40.710, -74.011 40.711), (-74.012 40.712, -74.013 40.713))",multi-line
routeGeometry,"MULTILINESTRING ((-73.98 40.75, -73.98 40.76), (-73.97 40.75, -73.97 40.76)), MULTILINESTRING ((-74.00 40.71, -74.01 40.71, -74.01 40.70)), MULTILINESTRING ((-73.95 40.80, -73.94 40.81))",multi-line
pathSegments,"MULTILINESTRING ((-73.98 40.75, -73.98 40.76), (-73.97 40.75, -73.97 40.76)), MULTILINESTRING ((-74.00 40.71, -74.01 40.71, -74.01 40.70)), MULTILINESTRING ((-73.95 40.80, -73.94 40.81))",multi-line
streetLines,"MULTILINESTRING ((-73.98 40.75, -73.98 40.76), (-73.97 40.75, -73.97 40.76)), MULTILINESTRING ((-74.00 40.71, -74.01 40.71, -74.01 40.70)), MULTILINESTRING ((-73.95 40.80, -73.94 40.81))",multi-line
road_segments_geom,"MULTILINESTRING ((-73.99 40.75, -73.98 40.75), (-73.99 40.74, -73.98 40.74)), MULTILINESTRING ((-74.01 40.71, -74.00 40.72, -73.99 40.73)), MULTILINESTRING ((-73.95 40.82, -73.95 40.83), (-73.94 40.82, -73.94 40.83))",multi-line
transit_route_wkt,"MULTILINESTRING ((-73.98 40.76, -73.97 40.77, -73.96 40.78)), MULTILINESTRING ((-73.95 40.67, -73.96 40.67), (-73.97 40.68, -73.98 40.68)), MULTILINESTRING ((-73.87 40.77, -73.86 40.77, -73.85 40.77))",multi-line
pathway_multiline,"MULTILINESTRING ((-73.96 40.79, -73.97 40.80), (-73.95 40.79, -73.96 40.80)), MULTILINESTRING ((-74.04 40.58, -74.05 40.59, -74.06 40.60)), MULTILINESTRING ((-73.92 40.85, -73.91 40.85), (-73.92 40.86, -73.91 40.86))",multi-line
Geographic_Path_Collection,"MULTILINESTRING ((-73.985 40.758, -73.975 40.765), (-74.010 40.707, -74.013 40.710)), MULTILINESTRING ((-73.960 40.715, -73.950 40.712), (-73.958 40.717, -73.948 40.714)), MULTILINESTRING ((-73.928 40.829, -73.925 40.832, -73.920 40.830))",multi-line
Spatial_Line_Features,"MULTILINESTRING ((-73.985 40.758, -73.975 40.765), (-74.010 40.707, -74.013 40.710)), MULTILINESTRING ((-73.960 40.715, -73.950 40.712), (-73.958 40.717, -73.948 40.714)), MULTILINESTRING ((-73.928 40.829, -73.925 40.832, -73.920 40.830))",multi-line
Route_Network_Geometry,"MULTILINESTRING ((-73.985 40.758, -73.975 40.765), (-74.010 40.707, -74.013 40.710)), MULTILINESTRING ((-73.960 40.715, -73.950 40.712), (-73.958 40.717, -73.948 40.714)), MULTILINESTRING ((-73.928 40.829, -73.925 40.832, -73.920 40.830))",multi-line
geom_ml,"MULTILINESTRING ((-73.98 40.75, -73.97 40.76)), MULTILINESTRING ((-73.96 40.77, -73.95 40.78, -73.96 40.79)), MULTILINESTRING ((-73.99 40.72, -73.98 40.73))",multi-line
mls_wkt,"MULTILINESTRING ((-74.01 40.70, -74.00 40.71)), MULTILINESTRING ((-73.94 40.81, -73.93 40.82)), MULTILINESTRING ((-73.95 40.68, -73.94 40.69))",multi-line
geo_mln,"MULTILINESTRING ((-73.90 40.65, -73.89 40.66)), MULTILINESTRING ((-74.04 40.58, -74.05 40.59), (-74.04 40.60, -74.05 40.61)), MULTILINESTRING ((-73.83 40.76, -73.82 40.77))",multi-line
multiLineGeometry,"MULTILINESTRING ((-73.985 40.748, -73.980 40.750), (-73.988 40.758, -73.983 40.760)), MULTILINESTRING ((-73.994 40.702, -73.990 40.705), (-73.992 40.707, -73.988 40.710)), MULTILINESTRING ((-73.872 40.771, -73.868 40.773), (-73.870 40.775, -73.866 40.777))",multi-line
routePath,"MULTILINESTRING ((-74.006 40.714, -74.002 40.718), (-74.000 40.720, -73.996 40.724)), MULTILINESTRING ((-73.965 40.783, -73.959 40.785), (-73.950 40.790, -73.945 40.792)), MULTILINESTRING ((-73.973 40.768, -73.970 40.771), (-73.968 40.773, -73.965 40.776))",multi-line
streetSegments,"MULTILINESTRING ((-73.990 40.730, -73.988 40.732), (-73.986 40.734, -73.984 40.736)), MULTILINESTRING ((-73.880 40.850, -73.878 40.852), (-73.876 40.854, -73.874 40.856)), MULTILINESTRING ((-74.150 40.580, -74.148 40.582), (-74.146 40.584, -74.144 40.586))",multi-line
geom_mln,"MULTILINESTRING ((-74.00 40.71, -74.01 40.72)), MULTILINESTRING ((-73.98 40.75, -73.99 40.76)), MULTILINESTRING ((-73.95 40.80, -73.96 40.81), (-73.97 40.82, -73.98 40.83))",multi-line
mls_geom,"MULTILINESTRING ((-73.99 40.70, -73.98 40.71), (-73.97 40.72, -73.96 40.73)), MULTILINESTRING ((-74.01 40.75, -74.02 40.76)), MULTILINESTRING ((-73.90 40.79, -73.91 40.78))",multi-line
g_mlstr,"MULTILINESTRING ((-73.85 40.77, -73.86 40.76)), MULTILINESTRING ((-73.92 40.74, -73.93 40.73, -73.94 40.72)), MULTILINESTRING ((-74.05 40.69, -74.06 40.68))",multi-line
multiLinePath,"MULTILINESTRING ((-73.985 40.758, -73.980 40.760), (-73.984 40.757, -73.979 40.759)), MULTILINESTRING ((-73.965 40.678, -73.960 40.680, -73.955 40.682)), MULTILINESTRING ((-73.870 40.770, -73.865 40.772), (-73.850 40.765, -73.845 40.767))",multi-line
routeGeometry,"MULTILINESTRING ((-73.985 40.758, -73.980 40.760), (-73.984 40.757, -73.979 40.759)), MULTILINESTRING ((-73.965 40.678, -73.960 40.680, -73.955 40.682)), MULTILINESTRING ((-73.870 40.770, -73.865 40.772), (-73.850 40.765, -73.845 40.767))",multi-line
streetSegments,"MULTILINESTRING ((-73.985 40.758, -73.980 40.760), (-73.984 40.757, -73.979 40.759)), MULTILINESTRING ((-73.965 40.678, -73.960 40.680, -73.955 40.682)), MULTILINESTRING ((-73.870 40.770, -73.865 40.772), (-73.850 40.765, -73.845 40.767))",multi-line
multiLinePath,"MULTILINESTRING ((-73.98 40.76, -73.97 40.77)), MULTILINESTRING ((-74.00 40.71, -74.01 40.72, -74.00 40.73)), MULTILINESTRING ((-73.95 40.80, -73.96 40.81))",multi-line
routeGeometry,"MULTILINESTRING ((-73.99 40.74, -73.98 40.75)), MULTILINESTRING ((-73.96 40.78, -73.95 40.79), (-73.94 40.78, -73.93 40.79)), MULTILINESTRING ((-74.01 40.70, -74.02 40.69))",multi-line
streetSegments,"MULTILINESTRING ((-73.92 40.79, -73.93 40.80)), MULTILINESTRING ((-73.87 40.77, -73.86 40.76)), MULTILINESTRING ((-74.15 40.64, -74.16 40.63), (-74.17 40.62, -74.18 40.61))",multi-line
multiLinePath,"MULTILINESTRING ((-73.98 40.75, -73.99 40.76), (-73.98 40.74, -73.97 40.74)), MULTILINESTRING ((-73.95 40.65, -73.96 40.66)), MULTILINESTRING ((-73.88 40.77, -73.87 40.76, -73.86 40.77)), MULTILINESTRING ((-73.91 40.85, -73.90 40.86))",multi-line
routeSegments,"MULTILINESTRING ((-74.00 40.71, -74.01 40.72), (-73.99 40.73, -74.00 40.72)), MULTILINESTRING ((-73.97 40.69, -73.98 40.68)), MULTILINESTRING ((-73.82 40.75, -73.81 40.74), (-73.80 40.75, -73.79 40.76)), MULTILINESTRING ((-74.15 40.63, -74.16 40.62))",multi-line
streetLayout,"MULTILINESTRING ((-73.985 40.755, -73.985 40.765), (-73.980 40.760, -73.990 40.760)), MULTILINESTRING ((-73.96 40.67, -73.94 40.67), (-73.95 40.66, -73.95 40.68)), MULTILINESTRING ((-73.90 40.82, -73.88 40.83), (-73.90 40.825, -73.88 40.835)), MULTILINESTRING ((-73.99 40.74, -73.99 40.73))",multi-line
